/*
Navicat MySQL Data Transfer

Source Server         : 192.168.3.100_3306
Source Server Version : 50527
Source Host           : 192.168.3.100:3306
Source Database       : logistics_order

Target Server Type    : MYSQL
Target Server Version : 50527
File Encoding         : 65001

Date: 2017-08-18 18:29:36
*/

SET FOREIGN_KEY_CHECKS=0;

-- ----------------------------
-- Table structure for done_money
-- ----------------------------
DROP TABLE IF EXISTS `done_money`;
CREATE TABLE `done_money` (
  `orderNum` char(18) NOT NULL COMMENT '订单编号',
  `driverId` char(20) NOT NULL DEFAULT '' COMMENT '司机ID',
  `insuranceFee` decimal(7,2) DEFAULT NULL COMMENT '报价费',
  `floorFee` decimal(7,2) DEFAULT NULL COMMENT '上楼费',
  `handlingFee` decimal(7,2) DEFAULT NULL COMMENT '装卸费',
  `freightFee` decimal(7,2) DEFAULT NULL COMMENT '运输费',
  `driverMoney` decimal(7,2) DEFAULT '0.00' COMMENT '司机金额',
  `totalMoney` decimal(7,2) NOT NULL DEFAULT '0.00' COMMENT '订单金额',
  `settle` tinyint(1) NOT NULL DEFAULT '0' COMMENT '结算状态（0：未支付；1：已支付；2：部分支付,3:司机代收）',
  `settleAmount` decimal(7,2) NOT NULL DEFAULT '0.00' COMMENT '待支付金额',
  `driverSettle` tinyint(1) DEFAULT '0' COMMENT '司机结算状态（0：未结算；1：已结算）',
  `payTime` datetime DEFAULT NULL COMMENT '支付时间',
  `dGrade` tinyint(1) NOT NULL DEFAULT '5' COMMENT '星级评分(0~5)',
  `hasGrade` tinyint(1) NOT NULL DEFAULT '0' COMMENT '是否已评分(0:未评分,1:客户已评分,2:超时自动评分)',
  `assessment` varchar(255) NOT NULL DEFAULT '' COMMENT '评价详情',
  `assessTime` datetime DEFAULT NULL COMMENT '评分时间(客户评分时间 或者 系统自动评分时间)',
  `payment` tinyint(1) DEFAULT NULL COMMENT '支付方式(1:支付宝;2:微信3:银联)'
) ENGINE=InnoDB DEFAULT CHARSET=utf8;

-- ----------------------------
-- Records of done_money
-- ----------------------------
INSERT INTO `done_money` VALUES ('ZT20170120eSg0bx', 'DR20170120100002', '12.00', '12.00', '12.00', '100.00', '100.00', '123.00', '1', '0.00', '0', '2017-01-20 14:14:30', '5', '0', '', '2017-03-21 14:29:24', null);
INSERT INTO `done_money` VALUES ('ZT20170120q36RyH', 'DR20170120100002', '23.00', '23.00', '23.00', '236.88', '236.88', '321.00', '1', '0.00', '0', '2017-01-20 14:43:41', '5', '0', '', '2017-07-21 14:29:24', null);
INSERT INTO `done_money` VALUES ('ZT20170120IRXR6X', 'DR20170120100002', '11.00', '10.00', '20.00', '188.00', '188.00', '200.00', '1', '0.00', '0', '2017-01-20 14:43:37', '5', '0', '', '2018-05-21 14:29:24', null);
INSERT INTO `done_money` VALUES ('ZT20170120a81cBh', 'DR20170120100002', '10.00', '10.00', '10.00', '176.40', '176.40', '240.00', '1', '0.00', '0', '2017-01-20 14:43:33', '5', '0', '', '2018-01-21 14:29:24', null);
INSERT INTO `done_money` VALUES ('ZT201701209Etcl2', 'DR20170120100001', '45.00', '45.00', '45.00', '420.00', '420.00', '500.00', '1', '0.00', '0', '2017-01-20 16:15:30', '5', '0', '', '2017-05-21 14:29:24', null);
INSERT INTO `done_money` VALUES ('ZT20170120VbpWHa', 'DR20170120100005', '12.00', '12.00', '12.00', '500.00', '500.00', '600.00', '0', '600.00', '0', null, '5', '0', '', '2017-03-21 14:29:24', null);
INSERT INTO `done_money` VALUES ('ZT20170121ZZnEiV', 'DR20170120100001', '0.00', '0.00', '0.00', '21.06', '21.06', '23.46', '1', '0.00', '0', '2017-01-21 09:37:15', '5', '0', '', '2017-02-21 14:29:24', '1');
INSERT INTO `done_money` VALUES ('ZT20170121Bj8FHE', 'DR20170120100002', '0.00', '0.00', '0.00', '20.92', '20.92', '23.31', '1', '0.00', '0', '2017-01-21 10:05:59', '4', '1', '', '2017-01-21 14:29:24', '1');
INSERT INTO `done_money` VALUES ('ZT20170121SCI3Ue', 'DR20170120100002', '0.00', '0.00', '0.00', '20.92', '20.92', '23.31', '1', '0.00', '0', '2017-01-21 10:10:24', '5', '1', '态度认真', '2017-11-21 13:32:08', '1');
INSERT INTO `done_money` VALUES ('ZT20170121XuYS4E', 'DR20170120100002', '0.00', '0.00', '0.00', '21.12', '21.12', '23.53', '1', '0.00', '0', '2017-01-21 11:16:00', '5', '1', '态度认真', '2017-04-21 13:29:28', '1');
INSERT INTO `done_money` VALUES ('ZT20170121K7YYgp', 'DR20170120100002', '0.00', '0.00', '0.00', '20.42', '20.42', '22.78', '1', '0.00', '0', '2017-01-21 11:29:14', '4', '1', '态度认真', '2017-01-21 13:29:07', '1');
INSERT INTO `done_money` VALUES ('ZT20170121YxKsyB', 'DR20170120100002', '0.00', '0.00', '0.00', '21.12', '21.12', '23.53', '0', '23.53', '0', null, '5', '0', '', '2017-08-21 14:29:24', null);
INSERT INTO `done_money` VALUES ('ZT2017012166F5bb', 'DR20170120100001', '0.00', '0.00', '0.00', '21.08', '21.08', '23.48', '0', '23.48', '0', null, '5', '0', '', '2017-04-21 14:29:24', null);
INSERT INTO `done_money` VALUES ('ZT20170121Abwk9I', 'DR20170120100001', '0.00', '0.00', '0.00', '900.00', '900.00', '1000.00', '1', '0.00', '0', '2017-01-22 14:27:21', '5', '0', '', '2017-06-21 14:29:24', null);
INSERT INTO `done_money` VALUES ('ZT20170121DDbh1l', 'DR20170120100001', '0.00', '0.00', '0.00', '980.00', '980.00', '1000.00', '1', '0.00', '0', '2017-01-21 20:37:29', '5', '0', '', '2017-02-21 14:29:24', null);
INSERT INTO `done_money` VALUES ('ZT20170120FDlKa7', 'DR20170120100001', '0.00', '0.00', '0.00', '900.00', '900.00', '1000.00', '0', '1000.00', '0', null, '5', '0', '', '2016-11-21 14:29:24', null);
INSERT INTO `done_money` VALUES ('ZT20170121o5s9Uz', 'DR20170120100001', '0.00', '0.00', '0.00', '900.00', '900.00', '1000.00', '0', '1000.00', '0', null, '5', '0', '', '2017-08-21 14:29:24', null);
INSERT INTO `done_money` VALUES ('ZT20170121GSIeER', 'DR20170120100001', '0.00', '0.00', '0.00', '900.00', '900.00', '1000.00', '0', '1000.00', '0', null, '5', '0', '', '2017-01-21 14:29:24', null);
INSERT INTO `done_money` VALUES ('ZT20170121c56EU0', 'DR20170120100001', '0.00', '0.00', '0.00', '900.00', '900.00', '1000.00', '0', '1000.00', '0', null, '5', '0', '', '2017-09-21 14:29:24', null);
INSERT INTO `done_money` VALUES ('ZT20170122BHWQQF', 'DR20170120100001', '0.00', '0.00', '0.00', '32.10', '32.10', '35.20', '0', '35.20', '0', null, '5', '0', '', '2017-06-21 14:29:24', null);
INSERT INTO `done_money` VALUES ('ZT20170122BEQoTd', 'DR20170120100001', '0.00', '0.00', '0.00', '29.50', '29.50', '32.50', '0', '32.50', '0', null, '5', '0', '', '2017-12-21 14:29:24', null);
INSERT INTO `done_money` VALUES ('ZT20170122ZNNnEU', 'DR20170120100001', '0.00', '0.00', '0.00', '20.00', '20.00', '22.30', '1', '0.00', '0', '2017-01-22 11:04:47', '5', '1', '态度认真,打包仔细,    长得帅', '2017-01-22 11:22:30', '1');
INSERT INTO `done_money` VALUES ('ZT20170122QrAjy4', 'DR20170122100009', '0.00', '0.00', '0.00', '0.00', '0.00', '60.00', '1', '0.00', '0', '2017-01-22 13:41:25', '5', '0', '', '2017-11-21 14:29:24', null);
INSERT INTO `done_money` VALUES ('ZT20170122pA3WRZ', 'DR20170122100009', '0.00', '0.00', '0.00', '0.00', '0.00', '135.00', '1', '0.00', '0', '2017-01-22 13:38:50', '5', '0', '', '2017-10-21 14:29:24', null);
INSERT INTO `done_money` VALUES ('ZT20170122vvYdh1', 'DR20170122100009', '0.00', '0.00', '0.00', '50.00', '50.00', '120.00', '1', '0.00', '0', '2017-01-22 13:40:43', '5', '0', '', '2017-10-21 14:29:24', null);
INSERT INTO `done_money` VALUES ('ZT20170122gITgPV', 'DR20170120100002', '0.00', '0.00', '0.00', '21.40', '21.40', '23.80', '1', '0.00', '0', '2017-01-22 11:50:36', '5', '1', '', '2017-01-22 12:50:05', '1');
INSERT INTO `done_money` VALUES ('ZT20170122iiteBH', 'DR20170122100009', '0.00', '0.00', '0.00', '40.00', '40.00', '81.00', '0', '81.00', '0', null, '5', '0', '', '2017-06-21 14:29:24', null);
INSERT INTO `done_money` VALUES ('ZT20170122yXaFV9', 'DR20170122100009', '0.00', '0.00', '0.00', '40.00', '40.00', '81.00', '1', '0.00', '0', '2017-01-22 13:42:12', '5', '0', '', '2017-11-21 14:29:24', null);
INSERT INTO `done_money` VALUES ('ZT20170122pjvCJK', '', '0.00', '0.00', '0.00', '0.00', '0.00', '81.00', '0', '81.00', '0', null, '5', '0', '', '2017-06-21 14:29:24', null);
INSERT INTO `done_money` VALUES ('ZT20170122VsI6Lj', 'DR20170120100002', '0.00', '0.00', '0.00', '0.00', '0.00', '0.00', '0', '0.00', '0', null, '5', '0', '', '2017-12-21 14:29:24', null);
INSERT INTO `done_money` VALUES ('ZT201701227kWYOS', 'DR20170120100002', '0.00', '0.00', '0.00', '29.10', '29.10', '32.10', '1', '0.00', '0', '2017-01-22 14:41:30', '5', '0', '', '2017-06-21 14:29:24', '1');
INSERT INTO `done_money` VALUES ('ZT20170122KcSNBl', 'DR20170120100002', '0.00', '0.00', '0.00', '23.10', '23.10', '25.60', '1', '0.00', '0', '2017-01-22 15:04:34', '5', '0', '', '2017-08-21 14:29:24', '1');
INSERT INTO `done_money` VALUES ('ZT20170122TFFzzl', 'DR20170120100002', '0.00', '0.00', '0.00', '22.20', '22.20', '24.60', '1', '0.00', '0', '2017-01-22 15:20:28', '5', '0', '', '2017-09-21 14:29:24', '1');
INSERT INTO `done_money` VALUES ('ZT20170122MF2g4O', 'DR20170120100002', '0.00', '0.00', '0.00', '24.80', '24.80', '27.40', '1', '0.00', '0', '2017-01-22 15:34:37', '5', '0', '', '2016-03-21 14:29:24', '1');
INSERT INTO `done_money` VALUES ('ZT20170122GNRpa6', 'DR20170120100002', '0.00', '0.00', '0.00', '22.40', '22.40', '24.90', '1', '0.00', '0', '2017-01-22 15:49:10', '5', '0', '', '2016-08-21 14:29:24', '2');
INSERT INTO `done_money` VALUES ('ZT20170122Fu8JNE', 'DR20170120100002', '0.00', '0.00', '0.00', '20.10', '20.10', '22.50', '1', '0.00', '0', '2017-01-22 15:55:06', '5', '0', '', '2015-06-21 14:29:24', '1');
INSERT INTO `done_money` VALUES ('ZT20170122j3Ok0A', 'DR20170120100002', '11.00', '11.00', '11.00', '92.00', '92.00', '110.00', '0', '110.00', '0', null, '5', '0', '', '2018-06-21 14:29:24', null);
INSERT INTO `done_money` VALUES ('ZT201701225lxoyD', 'DR20170120100002', '11.00', '11.00', '11.00', '100.00', '100.00', '120.00', '0', '120.00', '0', null, '5', '0', '', '2017-08-21 14:29:24', null);
INSERT INTO `done_money` VALUES ('ZT201701224oVXxE', 'DR20170120100002', '0.00', '0.00', '0.00', '26.90', '26.90', '29.70', '1', '0.00', '0', '2017-01-22 16:09:36', '5', '0', '', '2017-09-21 14:29:24', '1');
INSERT INTO `done_money` VALUES ('ZT2017012259B26y', 'DR20170122100009', '0.00', '0.00', '0.00', '177.23', '177.23', '190.00', '0', '190.00', '0', null, '5', '0', '', '2017-06-21 14:29:24', null);
INSERT INTO `done_money` VALUES ('ZT20170122rbDJdB', 'DR20170123100010', '0.00', '0.00', '0.00', '0.00', '0.00', '36.00', '0', '36.00', '0', null, '5', '0', '', '2016-11-21 14:29:24', null);
INSERT INTO `done_money` VALUES ('ZT20170122i5WIK1', 'DR20170122100009', '0.00', '0.00', '0.00', '0.00', '0.00', '60.00', '0', '60.00', '0', null, '5', '0', '', '2015-11-21 14:29:24', null);
INSERT INTO `done_money` VALUES ('ZT20170122bF7Psg', 'DR20170120100002', '0.00', '0.00', '0.00', '900.00', '900.00', '1000.00', '0', '1000.00', '0', null, '5', '0', '', '2017-08-21 14:29:24', null);
INSERT INTO `done_money` VALUES ('ZT201701225iARKs', 'DR20170120100002', '0.00', '0.00', '0.00', '21.12', '21.12', '23.53', '1', '0.00', '0', '2017-01-22 16:26:12', '5', '0', '', '2017-06-21 14:29:24', '2');
INSERT INTO `done_money` VALUES ('ZT20170123UTTsJB', 'DR20170122100009', '0.00', '0.00', '0.00', '0.00', '0.00', '6.00', '1', '0.00', '0', '2017-01-23 15:14:25', '5', '0', '', '2016-11-21 14:29:24', null);
INSERT INTO `done_money` VALUES ('ZT2017012335PnfW', 'DR20170122100009', '0.00', '0.00', '0.00', '0.00', '0.00', '102.00', '1', '0.00', '0', '2017-01-23 16:24:43', '5', '0', '', '2016-12-21 14:29:24', null);
INSERT INTO `done_money` VALUES ('ZT2017012389gYyV', 'DR20170120100002', '0.00', '0.00', '0.00', '0.00', '0.00', '177.00', '1', '0.00', '0', '2017-01-23 15:49:36', '5', '0', '', '2017-11-21 14:29:24', null);
INSERT INTO `done_money` VALUES ('ZT20170123maKrJR', 'DR20170122100009', '0.00', '0.00', '0.00', '0.00', '0.00', '3.00', '1', '0.00', '0', '2017-01-23 16:31:21', '5', '0', '', '2016-11-21 14:29:24', null);
INSERT INTO `done_money` VALUES ('ZT20170123hwuCNm', 'DR20170122100009', '0.00', '0.00', '0.00', '0.00', '0.00', '75.00', '1', '0.00', '0', '2017-01-23 16:31:24', '5', '0', '', '2017-11-21 14:29:24', null);
INSERT INTO `done_money` VALUES ('ZT20170123Rpg7st', 'DR20170120100002', '0.00', '0.00', '0.00', '100.00', '100.00', '177.00', '1', '0.00', '0', '2017-01-23 16:24:35', '5', '0', '', '2017-10-21 14:29:24', null);
INSERT INTO `done_money` VALUES ('ZT20170123IMHCRO', 'DR20170120100002', '0.00', '0.00', '0.00', '45.01', '45.01', '49.00', '1', '0.00', '0', '2017-01-23 16:24:37', '5', '0', '', '2017-11-21 14:29:24', null);
INSERT INTO `done_money` VALUES ('ZT20170123n4buS0', 'DR20170120100002', '0.00', '0.00', '0.00', '0.00', '0.00', '12.00', '0', '12.00', '0', null, '5', '0', '', '2017-06-21 14:29:24', null);
INSERT INTO `done_money` VALUES ('ZT20170123apEgvy', 'DR20170120100002', '0.00', '0.00', '0.00', '0.00', '0.00', '3.00', '0', '3.00', '0', null, '5', '0', '', '2017-12-21 14:29:24', null);
INSERT INTO `done_money` VALUES ('ZT20170123f5FgcU', 'DR20170120100002', '0.00', '0.00', '0.00', '0.00', '0.00', '6.00', '0', '6.00', '0', null, '5', '0', '', '2017-04-21 14:29:24', null);
INSERT INTO `done_money` VALUES ('ZT20170123Buq3cN', 'DR20170120100002', '0.00', '0.00', '0.00', '0.00', '0.00', '75.00', '0', '75.00', '0', null, '5', '0', '', '2017-11-21 14:29:24', null);
INSERT INTO `done_money` VALUES ('ZT201701233AtEkB', 'DR20170120100002', '0.00', '0.00', '0.00', '0.00', '0.00', '102.00', '0', '102.00', '0', null, '5', '0', '', '2017-12-21 14:29:24', null);
INSERT INTO `done_money` VALUES ('ZT20170123OPXn6X', 'DR20170120100002', '0.00', '0.00', '0.00', '0.00', '0.00', '12.00', '0', '12.00', '0', null, '5', '0', '', '2017-03-21 14:29:24', null);
INSERT INTO `done_money` VALUES ('ZT201701232Mlp4v', 'DR20170120100002', '0.00', '0.00', '0.00', '0.00', '0.00', '3.00', '0', '3.00', '0', null, '5', '0', '', '2017-11-21 14:29:24', null);
INSERT INTO `done_money` VALUES ('ZT20170123d1TNyy', 'DR20170120100002', '0.00', '0.00', '0.00', '0.00', '0.00', '6.00', '0', '6.00', '0', null, '5', '0', '', '2016-09-21 14:29:24', null);
INSERT INTO `done_money` VALUES ('ZT20170123AWvuMl', 'DR20170120100002', '0.00', '0.00', '0.00', '0.00', '0.00', '75.00', '0', '75.00', '0', null, '5', '0', '', '2017-06-21 14:29:24', null);
INSERT INTO `done_money` VALUES ('ZT201701238zgsdU', 'DR20170120100002', '0.00', '0.00', '0.00', '0.00', '0.00', '102.00', '0', '102.00', '0', null, '5', '0', '', '2017-05-21 14:29:24', null);
INSERT INTO `done_money` VALUES ('ZT201701237oe1m0', 'DR20170122100009', '0.00', '0.00', '0.00', '29.07', '29.07', '32.00', '0', '32.00', '0', null, '5', '0', '', '2017-09-21 14:29:24', null);
INSERT INTO `done_money` VALUES ('ZT201701250jgZPF', 'DR20170125100012', '0.00', '0.00', '0.00', '0.00', '0.00', '0.00', '0', '0.00', '0', null, '5', '0', '', '2017-11-21 14:29:24', null);
INSERT INTO `done_money` VALUES ('ZT20170208HY8SWx', 'DR20170120100002', '0.00', '0.00', '0.00', '32.31', '32.31', '35.46', '0', '35.46', '0', null, '5', '0', '', '2017-12-21 14:29:24', null);
INSERT INTO `done_money` VALUES ('ZT20170208ufZM8e', 'DR20170120100002', '0.00', '0.00', '0.00', '72.53', '72.53', '78.35', '0', '78.35', '0', null, '5', '0', '', '2017-09-21 14:29:24', null);

-- ----------------------------
-- Table structure for done_order
-- ----------------------------
DROP TABLE IF EXISTS `done_order`;
CREATE TABLE `done_order` (
  `id` bigint(20) NOT NULL AUTO_INCREMENT,
  `orderNum` char(18) NOT NULL COMMENT '订单编号',
  `orderStatus` tinyint(1) NOT NULL DEFAULT '1' COMMENT '订单状态（0：待结算；1完成；2改派；5:异常;6：已关闭；7：已取消）',
  `driverId` char(20) NOT NULL DEFAULT '' COMMENT '司机ID',
  `vehicleId` char(20) DEFAULT NULL COMMENT '车辆ID',
  `customerId` char(20) NOT NULL COMMENT '客户ID',
  `deliver` char(30) NOT NULL COMMENT '发货人姓名',
  `deliverTel` char(12) NOT NULL COMMENT '发货人电话',
  `sCompany` varchar(20) NOT NULL COMMENT '发货单位',
  `sProvance` char(10) NOT NULL COMMENT '发货省市',
  `deliverAddr` varchar(255) NOT NULL COMMENT '发货地址',
  `receipt` char(30) NOT NULL COMMENT '收货人姓名',
  `receiptTel` char(12) NOT NULL COMMENT '收货人电话',
  `rCompany` varchar(20) NOT NULL COMMENT '收货单位',
  `rProvance` char(10) NOT NULL COMMENT '目的地省市',
  `receiptAddr` varchar(255) NOT NULL COMMENT '目的地地址',
  `rounteId` bigint(20) DEFAULT NULL COMMENT '路线ID',
  `volume` decimal(7,1) NOT NULL COMMENT '体积(立方米)',
  `weight` decimal(7,1) NOT NULL COMMENT '重量（千克）',
  `length` decimal(11,1) DEFAULT NULL COMMENT '长（厘米）',
  `wide` decimal(11,1) DEFAULT NULL COMMENT '宽（厘米）',
  `tall` decimal(11,1) DEFAULT NULL COMMENT '高（厘米）',
  `goodsNum` int(11) DEFAULT NULL COMMENT '货物数量',
  `description` varchar(255) DEFAULT NULL COMMENT '货物描述',
  `payMethod` tinyint(1) NOT NULL DEFAULT '1' COMMENT '付费方式（1：现金支付；2：在线支付；3：协议付款）',
  `createTime` datetime NOT NULL COMMENT '订单创建时间',
  `takersTime` datetime DEFAULT NULL COMMENT '司机接单时间',
  `callTime` datetime DEFAULT NULL COMMENT '预约取货时间',
  `pickupTime` datetime DEFAULT NULL COMMENT '实际取货时间',
  `updateTime` int(11) DEFAULT NULL COMMENT '更新时间',
  `leadTime` datetime DEFAULT NULL COMMENT '交货时间',
  `exceptionReasonId` tinyint(2) NOT NULL DEFAULT '0' COMMENT '选择的异常',
  `exceptionReason` varchar(255) DEFAULT NULL COMMENT '异常原因',
  `addRequir` varchar(255) DEFAULT NULL COMMENT '额外需求',
  `callImg` varchar(255) DEFAULT NULL COMMENT '取货照片',
  `leadImg` varchar(255) DEFAULT NULL COMMENT '交货照片',
  `exceptionImg` varchar(255) DEFAULT NULL COMMENT '异常图片',
  `reassignTime` datetime DEFAULT NULL COMMENT '改派时间',
  `payTimeType` tinyint(1) DEFAULT '1' COMMENT '付款时间类型',
  `deliverLocation` char(30) DEFAULT '0,0' COMMENT '发货地址经纬度',
  `receiptLocation` char(30) DEFAULT '0,0' COMMENT '收货地址经纬度',
  `orderFrom` tinyint(1) NOT NULL DEFAULT '1' COMMENT '订单来源(1:APP，2:CMS)',
  `isCharter` tinyint(1) NOT NULL DEFAULT '0' COMMENT '是否包车(0:否,1:是)',
  PRIMARY KEY (`id`),
  KEY `done_order_ibfk_1` (`exceptionReasonId`) USING BTREE,
  KEY `driverId` (`driverId`) USING BTREE
) ENGINE=InnoDB AUTO_INCREMENT=186 DEFAULT CHARSET=utf8;

-- ----------------------------
-- Records of done_order
-- ----------------------------
INSERT INTO `done_order` VALUES ('1', 'ZT20170120eSg0bx', '1', 'DR20170120100002', 'VE020170120100002', 'CU1100002', '测试1', '13245678654', '测试公司1', '天津市', '天津市南开区百脑汇', '测试2', '18765432456', '测试公司2', '天津市', '天津市西青区李七庄', null, '12.0', '12.0', '0.0', '0.0', '0.0', '1', '', '1', '2017-01-20 13:51:14', '2017-01-20 13:51:18', '2017-01-31 10:01:30', null, '1484892472', '2017-01-20 14:07:52', '0', null, null, null, null, null, null, '1', '117.157915,39.115481', '117.177277,39.051842', '2', '0');
INSERT INTO `done_order` VALUES ('2', 'ZT201701209Etcl2', '1', 'DR20170120100001', 'VE120170120100001', 'CU1100002', '测试1', '13245678654', '测试公司1', '天津市', '天津市南开区百脑汇', '测试2', '18765432456', '测试公司2', '天津市', '天津市西青区李七庄', null, '45.0', '45.0', '0.0', '0.0', '0.0', '1', '图', '2', '2017-01-20 13:52:01', '2017-01-20 13:54:31', '2017-01-20 10:01:30', null, '1484898696', '2017-01-20 15:51:36', '2', null, null, null, null, '[\"Driver\\/exception\\/2017-01-20\\/5881bf391a55e.jpg\"]', null, '1', '117.157915,39.115481', '117.177277,39.051842', '2', '0');
INSERT INTO `done_order` VALUES ('3', 'ZT20170120q36RyH', '1', 'DR20170120100002', 'VE020170120100002', 'CU1100002', '测试1', '13245678654', '测试公司1', '天津市', '天津市南开区百脑汇', '测试2', '18765432456', '测试公司2', '天津市', '天津市西青区李七庄', null, '23.0', '23.0', '0.0', '0.0', '0.0', '1', '', '2', '2017-01-20 13:52:40', '2017-01-20 14:39:28', '2017-01-20 10:01:30', null, '1484894543', '2017-01-20 14:42:23', '0', null, null, null, null, null, null, '1', '117.157915,39.115481', '117.177277,39.051842', '2', '0');
INSERT INTO `done_order` VALUES ('4', 'ZT20170120IRXR6X', '1', 'DR20170120100002', 'VE020170120100002', 'CU1100002', '测试1', '13245678654', '测试公司1', '天津市', '天津市南开区百脑汇', '测试2', '18765432456', '测试公司2', '天津市', '天津市西青区李七庄', null, '32.0', '50.0', '0.0', '0.0', '0.0', '1', '', '2', '2017-01-20 13:53:10', '2017-01-20 14:39:33', '2017-01-20 10:01:30', null, '1484894547', '2017-01-20 14:42:27', '0', null, null, null, null, null, null, '1', '117.157915,39.115481', '117.177277,39.051842', '2', '0');
INSERT INTO `done_order` VALUES ('5', 'ZT20170120a81cBh', '1', 'DR20170120100002', 'VE020170120100002', 'CU1100002', '测试1', '13245678654', '测试公司1', '天津市', '天津市南开区百脑汇', '测试2', '18765432456', '测试公司2', '天津市', '天津市西青区李七庄', null, '10.0', '10.0', '0.0', '0.0', '0.0', '1', '', '1', '2017-01-20 13:53:52', '2017-01-20 14:39:39', '2017-01-28 10:01:30', null, '1484894551', '2017-01-20 14:42:31', '0', null, null, null, null, null, null, '1', '117.157915,39.115481', '117.177277,39.051842', '2', '0');
INSERT INTO `done_order` VALUES ('9', 'ZT20170120FDlKa7', '0', 'DR20170120100001', 'VE120170121100005', 'CU1100003', '老王', '18400404040', '天津太平医药有限公司', '', '天津市河东区王串场1号路', '收货人姓名', '1988477321', '滨海新区', '', '天津成长动力医药股份有限公司', null, '10.0', '10.0', '0.0', '0.0', '0.0', '1', '货物描述184184', '2', '2017-01-20 14:20:33', '2017-01-21 10:38:40', '2016-12-09 17:10:00', null, '1485050291', '2017-01-22 09:58:11', '0', null, '额外需求', null, null, null, null, '1', '117.227745,39.144529', '117.257911,39.122352', '2', '0');
INSERT INTO `done_order` VALUES ('11', 'ZT20170120VbpWHa', '1', 'DR20170120100005', 'VE120170120100004', 'CU1100002', '测试1', '13245678654', '测试公司1', '天津市', '天津市南开区百脑汇', '测试2', '18765432456', '测试公司2', '天津市', '天津市西青区李七庄', null, '99.0', '99.0', '0.0', '0.0', '0.0', '1', '', '0', '2017-01-20 16:11:06', '2017-01-20 16:11:09', '2017-01-20 16:04:39', null, '1484903217', '2017-01-20 17:06:57', '0', null, null, null, null, null, null, '1', '117.157915,39.115481', '117.177277,39.051842', '2', '0');
INSERT INTO `done_order` VALUES ('21', 'ZT20170121ZZnEiV', '1', 'DR20170120100001', 'VE120170120100001', 'CU100006', '', '18330219027', '', '', '天津市西青区海泰发展二路5号', '邸广照', '18330219027', '', '', '天津市西青区高新区(地铁站)', null, '0.0', '0.0', '0.1', '0.1', '0.1', '1', '电子产品', '2', '2017-01-21 09:37:04', '0000-00-00 00:00:00', '0000-00-00 00:00:00', null, '1484962669', '2017-01-21 09:37:49', '0', null, '', null, null, null, null, '1', '117.096852,39.076233', '117.098616,39.071883', '1', '0');
INSERT INTO `done_order` VALUES ('22', 'ZT20170121Bj8FHE', '1', 'DR20170120100002', 'VE020170120100002', 'CU100006', '', '18330219027', '', '', '天津市西青区海泰南道12号', '笪', '18330219027', '', '', '天津市西青区高新区(地铁站)', null, '0.0', '0.0', '0.1', '0.1', '0.1', '1', '生鲜', '2', '2017-01-21 10:05:03', '0000-00-00 00:00:00', '0000-00-00 00:00:00', null, '1484964404', '2017-01-21 10:06:44', '0', null, '', null, null, null, null, '1', '117.091816,39.073153', '117.098616,39.071883', '1', '0');
INSERT INTO `done_order` VALUES ('23', 'ZT20170121SCI3Ue', '1', 'DR20170120100002', 'VE020170120100002', 'CU100006', '', '18330219027', '', '', '天津市西青区海泰南道12号', '你好', '18667694948', '', '', '天津市西青区高新区(地铁站)', null, '0.0', '0.0', '0.1', '0.1', '0.1', '1', '生鲜', '2', '2017-01-21 10:10:16', '0000-00-00 00:00:00', '0000-00-00 00:00:00', null, '1484964671', '2017-01-21 10:11:11', '0', null, '', null, null, null, null, '1', '117.091816,39.073153', '117.098616,39.071883', '1', '0');
INSERT INTO `done_order` VALUES ('24', 'ZT20170121o5s9Uz', '0', 'DR20170120100001', 'VE120170121100005', 'CU1100003', '老王', '18400404040', '天津太平医药有限公司', '', '天津太平医药有限公司', '收货人姓名', '1988477321', '天津市第三中心医院', '', '天津市第三中心医院', null, '10.0', '10.0', '0.0', '0.0', '0.0', '1', '货物描述184184', '2', '2017-01-21 10:47:07', '2017-01-21 10:47:13', '2016-12-09 17:10:00', null, '1485050294', '2017-01-22 09:58:14', '0', null, '额外需求', null, null, null, null, '1', '117.205233,39.122869', '117.249260,39.110205', '2', '0');
INSERT INTO `done_order` VALUES ('34', 'ZT20170121GSIeER', '0', 'DR20170120100001', 'VE120170121100005', 'CU1100003', '老王', '18400404040', '天津太平医药有限公司', '', '天津市河东区王串场1号路', '收货人姓名', '1988477321', '天津市第三中心医院', '', '天津市河北区鸿顺里街社区卫生服务中心', null, '10.0', '10.0', '0.0', '0.0', '0.0', '1', '货物描述184184', '2', '2017-01-21 10:55:42', '2017-01-21 10:55:51', '2016-12-09 17:10:00', null, '1485050298', '2017-01-22 09:58:18', '0', null, '额外需求', null, null, null, null, '1', '117.227745,39.144529', '117.196470,39.159762', '2', '0');
INSERT INTO `done_order` VALUES ('35', 'ZT20170121Abwk9I', '1', 'DR20170120100001', 'VE120170121100005', 'CU1100003', '老王', '18400404040', '天津太平医药有限公司', '', '天津市河东区王串场1号路', '收货人姓名', '1988477321', '第三中心医院', '', '天津市河北区鸿顺里街社区卫生服务中心', null, '10.0', '10.0', '0.0', '0.0', '0.0', '1', '货物描述184184', '2', '2017-01-21 10:55:42', '2017-01-21 19:40:04', '2016-12-09 17:10:00', null, '1485002169', '2017-01-21 20:36:09', '0', null, '额外需求', null, null, null, null, '1', '117.227745,39.144529', '117.196470,39.159762', '2', '0');
INSERT INTO `done_order` VALUES ('39', 'ZT20170121DDbh1l', '1', 'DR20170120100001', 'VE120170121100005', 'CU1100003', '老王', '18400404040', '天津太平医药有限公司', '', '天津市河东区王串场1号路', '收货人姓名', '1988477321', '天津市第三中心医院', '', '中国人民解放军军事交通学院院务部门诊部', null, '10.0', '10.0', '0.0', '0.0', '0.0', '1', '货物描述184184', '2', '2017-01-21 11:03:35', '2017-01-21 11:03:41', '2016-12-09 17:10:00', null, '1485002174', '2017-01-21 20:36:14', '0', null, '额外需求', null, null, null, null, '1', '117.227745,39.144529', '117.262085,39.128681', '2', '0');
INSERT INTO `done_order` VALUES ('44', 'ZT20170121XuYS4E', '1', 'DR20170120100002', 'VE020170120100002', 'CU100006', '', '18330219027', '', '', '天津市西青区海泰发展六道6号', '邸广照', '18664949918', '', '', '天津市西青区高新区地铁站A口', null, '0.0', '0.0', '0.1', '0.1', '0.1', '1', '生鲜', '2', '2017-01-21 11:15:55', '0000-00-00 00:00:00', '0000-00-00 00:00:00', null, '1484968631', '2017-01-21 11:17:11', '0', null, '', null, null, null, null, '1', '117.09457,39.077395', '117.098625,39.071792', '1', '0');
INSERT INTO `done_order` VALUES ('45', 'ZT20170121K7YYgp', '1', 'DR20170120100002', 'VE020170120100002', 'CU100006', '', '18330219027', '', '', '天津市西青区海泰发展六道6号', '邸广照', '18834949949', '', '', '天津市西青区海泰发展基地(公交站)', null, '0.0', '0.0', '0.1', '0.1', '0.1', '1', '生鲜', '2', '2017-01-21 11:28:53', '0000-00-00 00:00:00', '0000-00-00 00:00:00', null, '1484969397', '2017-01-21 11:29:57', '0', null, '', null, null, null, null, '1', '117.09457,39.077395', '117.096756,39.079506', '1', '0');
INSERT INTO `done_order` VALUES ('46', 'ZT20170121YxKsyB', '7', 'DR20170120100002', 'VE020170120100002', 'CU100006', '', '18330219027', '', '', '天津市西青区海泰发展六道6号', '邸广照', '1896464991', '', '', '天津市西青区高新区(地铁站)', null, '0.0', '0.0', '0.1', '0.1', '0.1', '1', '生鲜', '2', '2017-01-21 11:37:16', '0000-00-00 00:00:00', '0000-00-00 00:00:00', '0000-00-00 00:00:00', '1484969857', null, '0', '货物已破损', '', null, null, null, null, '1', '117.09457,39.077395', '117.098616,39.071883', '1', '0');
INSERT INTO `done_order` VALUES ('52', 'ZT2017012166F5bb', '7', 'DR20170120100001', 'VE120170121100005', 'CU100006', '朕', '18330219027', '', '', '天津市西青区海泰发展六道6号', 'going', '186676464994', '', '', '天津市西青区高新区(地铁站)', null, '0.0', '0.0', '0.1', '0.1', '0.1', '1', '生鲜', '2', '2017-01-21 16:36:56', '0000-00-00 00:00:00', '0000-00-00 00:00:00', '0000-00-00 00:00:00', '1484987848', null, '0', '司机未能准时到达', '', null, null, null, null, '1', '117.095019,39.077388', '117.098616,39.071883', '1', '0');
INSERT INTO `done_order` VALUES ('55', 'ZT20170121c56EU0', '1', 'DR20170120100001', 'VE120170121100005', 'CU1100003', '老王', '18400404040', '天津太平医药有限公司', '', '天津市河东区王串场1号路', '收货人姓名', '1988477321', '天津市第三中心医院', '', '中国人民解放军军事交通学院院务部门诊部', null, '10.0', '10.0', '0.0', '0.0', '0.0', '1', '整件:1散件:3', '2', '2017-01-21 19:36:10', '2017-01-21 19:39:18', '2016-12-09 17:10:00', null, '1485050303', '2017-01-22 09:58:23', '0', null, '整件:1散件:3', null, null, null, null, '1', '117.227745,39.144529', '117.262085,39.128681', '2', '0');
INSERT INTO `done_order` VALUES ('60', 'ZT20170122iiteBH', '1', 'DR20170122100009', 'VE120170122100006', 'CU1100008', '任家瑞', '13820854120', '天津太平医药有限公司', '', '南开区罗平道12号', '小王', '13602033193', '天津市胸科医院', '', '天津市和平区西安道93号', null, '1.0', '1.0', '0.0', '0.0', '0.0', '27', '药品', '2', '2017-01-22 10:34:08', '2017-01-22 10:34:19', '1905-07-09 00:00:00', null, '1485059950', '2017-01-22 12:39:10', '0', null, '无', null, null, null, null, '1', '117.133686,39.119556', '117.220483,39.082456', '2', '0');
INSERT INTO `done_order` VALUES ('67', 'ZT20170122BEQoTd', '7', 'DR20170120100001', 'VE120170121100005', 'CU100010', '', '13682105048', '', '', '天津市南开区红旗南路九拍现代打击乐+', '张弓', '13682105048', '', '', '天津市人民医院+', null, '0.0', '0.0', '0.1', '0.1', '0.1', '1', '家具;', '2', '2017-01-22 10:50:02', '0000-00-00 00:00:00', '0000-00-00 00:00:00', '0000-00-00 00:00:00', '1485053510', null, '0', '暂时不需要啦', '', null, null, null, null, '1', '117.165178,39.074788', '117.147127,39.147490', '1', '0');
INSERT INTO `done_order` VALUES ('68', 'ZT20170122BHWQQF', '7', 'DR20170120100001', 'VE120170121100005', 'CU100010', '', '13682105048', '', '', '天津市南开区红旗南路九拍现代打击乐+', '张弓', '13682105048', '', '', '天津站+', null, '0.0', '0.0', '0.1', '0.1', '0.1', '1', '建材;', '2', '2017-01-22 10:51:04', '0000-00-00 00:00:00', '0000-00-00 00:00:00', '0000-00-00 00:00:00', '1485053503', null, '0', '暂时不需要啦', '', null, null, null, null, '1', '117.164858,39.074609', '117.209915,39.135895', '1', '0');
INSERT INTO `done_order` VALUES ('70', 'ZT20170122yXaFV9', '1', 'DR20170122100009', 'VE120170122100006', 'CU1100008', '任家瑞', '13820854120', '天津太平医药有限公司', '', '南开区罗平道12号', '小刘', '13602033193', '天津河西天泰医院', '', '天津市和平区西安道93号', null, '1.0', '1.0', '0.0', '0.0', '0.0', '27', '药品', '2', '2017-01-22 10:58:02', '2017-01-22 10:59:33', '1905-07-09 00:00:00', null, '1485063417', '2017-01-22 13:36:57', '0', null, '无', null, null, null, null, '1', '117.133686,39.119556', '117.220483,39.082456', '2', '0');
INSERT INTO `done_order` VALUES ('71', 'ZT20170122QrAjy4', '1', 'DR20170122100009', 'VE120170122100006', 'CU1100008', '任家瑞', '13820854120', '天津太平医药有限公司', '', '南开区罗平道12号', '小赵', '13602033193', '天津市安定医院', '', '天津市安定医院', null, '1.0', '1.0', '0.0', '0.0', '0.0', '20', '药品', '2', '2017-01-22 10:58:02', '2017-01-22 11:00:15', '1905-07-09 00:00:00', null, '1485056093', '2017-01-22 11:34:53', '0', null, '无', null, null, null, null, '1', '117.133686,39.119556', '117.220483,39.082456', '2', '0');
INSERT INTO `done_order` VALUES ('72', 'ZT20170122vvYdh1', '1', 'DR20170122100009', 'VE120170122100006', 'CU1100008', '任家瑞', '13820854120', '天津太平医药有限公司', '', '南开区罗平道12号', '小张', '13602033193', '天津市第四医院', '', '天津市第四医院', null, '1.0', '1.0', '0.0', '0.0', '0.0', '40', '坏了', '2', '2017-01-22 10:58:02', '2017-01-22 11:00:11', '1905-07-09 00:00:00', null, '1485057374', '2017-01-22 11:56:14', '2', null, '无', null, null, '[\"Driver\\/exception\\/2017-01-22\\/588428dbe16fd.jpg\"]', null, '1', '117.133686,39.119556', '117.220483,39.082456', '2', '0');
INSERT INTO `done_order` VALUES ('73', 'ZT20170122pA3WRZ', '1', 'DR20170122100009', 'VE120170122100006', 'CU1100008', '任家瑞', '13820854120', '天津太平医药有限公司', '', '南开区罗平道12号', '小李', '13602033193', '天津老中医医院', '', '天津市和平区沙市道20号', null, '1.0', '1.0', '0.0', '0.0', '0.0', '45', '坏了', '2', '2017-01-22 10:58:02', '2017-01-22 10:59:49', '1905-07-09 00:00:00', null, '1485056377', '2017-01-22 11:39:37', '2', null, '无', null, null, '[\"Driver\\/exception\\/2017-01-22\\/5884294776ab7.jpg\"]', null, '1', '117.133686,39.119556', '117.220483,39.082456', '2', '0');
INSERT INTO `done_order` VALUES ('74', 'ZT2017012259B26y', '2', 'DR20170122100009', 'VE120170122100006', 'CU1100008', '任家瑞', '13820854120', '天津太平医药有限公司', '', '南开区罗平道12号', '小王', '13602033193', '天津市化工职工职业病防治院', '', '天津市和平区沙市道2号', null, '1.0', '1.0', '0.0', '0.0', '0.0', '50', '', '2', '2017-01-22 10:58:02', '2017-01-22 11:00:04', '1905-07-09 00:00:00', null, '1485075705', null, '4', '', '无', null, null, '[]', '2017-01-22 17:00:31', '1', '117.133686,39.119556', '117.220483,39.082456', '1', '0');
INSERT INTO `done_order` VALUES ('75', 'ZT20170122i5WIK1', '0', 'DR20170122100009', 'VE120170122100006', 'CU1100008', '任家瑞', '13820854120', '天津太平医药有限公司', '', '南开区罗平道12号', '小王', '13602033193', '海河医院沙市道分院', '', '天津市和平区沙道36号', null, '1.0', '1.0', '0.0', '0.0', '0.0', '20', '药品', '2', '2017-01-22 10:58:02', '2017-01-22 11:00:07', '1905-07-09 00:00:00', null, '1485150670', '2017-01-23 13:51:10', '0', null, '无', null, null, null, null, '1', '117.133686,39.119556', '117.220483,39.082456', '2', '0');
INSERT INTO `done_order` VALUES ('76', 'ZT20170122ZNNnEU', '1', 'DR20170120100001', 'VE120170121100005', 'CU100010', '', '13682105048', '', '', '罗平道12号+', '张弓', '13682105048', '', '', '天津市人民医院+', null, '0.0', '0.0', '0.1', '0.1', '0.1', '1', '家具;', '2', '2017-01-22 11:04:35', '0000-00-00 00:00:00', '0000-00-00 00:00:00', null, '1485055313', '2017-01-22 11:21:53', '0', null, '', null, null, null, null, '1', '0.000000,0.000000', '117.147127,39.147490', '1', '0');
INSERT INTO `done_order` VALUES ('85', 'ZT20170122gITgPV', '1', 'DR20170120100002', 'VE120170121100005', 'CU100010', '', '13682105048', '', '', '天津市人民医院+', '李', '15122615761', '', '', '长虹公园(地铁站)+', null, '0.0', '0.0', '0.1', '0.1', '0.1', '1', '配件;建材;', '2', '2017-01-22 11:50:22', '0000-00-00 00:00:00', '0000-00-00 00:00:00', null, '1485057550', '2017-01-22 11:59:10', '0', null, '', null, null, null, null, '1', '117.147127,39.147490', '117.149444,39.137806', '1', '0');
INSERT INTO `done_order` VALUES ('87', 'ZT20170122VsI6Lj', '0', 'DR20170120100002', 'VE120170121100005', 'CU1100004', '正通物流', '12434534456', '天津市南开区罗平道12号', '天津市', '天津市南开区罗平道|12号', '滴滴滴', '13445768654', '天津市和平区西安到93号', '天津市', '天津市和平区西安道|93号', null, '3.0', '5.0', '0.0', '0.0', '0.0', '1', '建材', '2', '2017-01-22 12:00:58', '2017-01-22 12:01:02', '2017-01-22 15:54:30', null, '1485066821', '2017-01-22 14:33:41', '0', null, null, null, null, null, null, '1', '117.133686,39.119556', '117.220483,39.082456', '2', '0');
INSERT INTO `done_order` VALUES ('89', 'ZT20170122pjvCJK', '7', '', 'VE120170121100005', 'CU1100008', '任家瑞', '13820854120', '天津太平医药有限公司', '', '南开区罗平道12号', '小刘', '13602033193', '天津河西天泰医院', '', '天津市和平区西安道93号', null, '1.0', '1.0', '0.0', '0.0', '0.0', '27', '药品', '2', '2017-01-22 13:48:27', '0000-00-00 00:00:00', '1905-07-09 00:00:00', '0000-00-00 00:00:00', '1485064145', null, '0', null, '无', null, null, null, null, '1', '117.133686,39.119556', '117.220483,39.082456', '2', '0');
INSERT INTO `done_order` VALUES ('93', 'ZT201701227kWYOS', '1', 'DR20170120100002', 'VE120170121100005', 'CU100010', '', '13682105048', '', '', '黑牛城道+', '张弓', '13682105048', '', '', '环渤海汽车城+', null, '0.0', '0.0', '0.1', '0.1', '0.1', '1', '家具;', '2', '2017-01-22 14:41:24', '0000-00-00 00:00:00', '0000-00-00 00:00:00', null, '1485068305', '2017-01-22 14:58:25', '0', null, '', null, null, null, null, '1', '117.216144,39.078836', '117.234229,39.054840', '1', '0');
INSERT INTO `done_order` VALUES ('103', 'ZT20170122KcSNBl', '1', 'DR20170120100002', 'VE120170121100005', 'CU100010', '', '13682105048', '', '', '环渤海汽车城+', '张弓', '13682105048', '', '', '和睦家医院+', null, '0.0', '0.0', '0.1', '0.1', '0.1', '1', '化工;', '2', '2017-01-22 15:04:28', '0000-00-00 00:00:00', '0000-00-00 00:00:00', null, '1485069010', '2017-01-22 15:10:10', '0', null, '', null, null, null, null, '1', '117.234229,39.054840', '117.223872,39.053741', '1', '0');
INSERT INTO `done_order` VALUES ('104', 'ZT201701225lxoyD', '7', '', 'VE120170121100005', 'CU1100004', '正通物流', '12434534456', '天津市南开区罗平道12号', '天津市', '天津市南开区罗平道|12号', '滴滴滴', '13445768654', '天津市和平区西安到93号', '天津市', '天津市和平区西安道|93号', null, '11.0', '11.0', '0.0', '0.0', '0.0', '1', '', '1', '2017-01-22 15:08:08', '0000-00-00 00:00:00', '2017-01-22 15:10:08', '0000-00-00 00:00:00', '1485072175', null, '0', null, null, null, null, null, null, '1', '117.133686,39.119556', '117.220483,39.082456', '2', '0');
INSERT INTO `done_order` VALUES ('105', 'ZT20170122j3Ok0A', '7', '', 'VE120170121100005', 'CU1100004', '正通物流', '12434534456', '天津市南开区罗平道12号', '天津市', '天津市南开区罗平道|12号', '滴滴滴', '13445768654', '天津市和平区西安到93号', '天津市', '天津市和平区西安道|93号', null, '11.0', '11.0', '0.0', '0.0', '0.0', '1', '', '1', '2017-01-22 15:09:39', '0000-00-00 00:00:00', '2017-01-22 17:09:39', '0000-00-00 00:00:00', '1485072169', null, '0', null, null, null, null, null, null, '1', '117.133686,39.119556', '117.220483,39.082456', '2', '0');
INSERT INTO `done_order` VALUES ('108', 'ZT20170122TFFzzl', '1', 'DR20170120100002', 'VE120170121100005', 'CU100010', '', '13682105048', '', '', '和睦家医院+', '张弓', '13682105048', '', '', '梅江医院+', null, '0.0', '0.0', '0.1', '0.1', '0.1', '1', '大小不一样', '2', '2017-01-22 15:20:23', '0000-00-00 00:00:00', '0000-00-00 00:00:00', null, '1485070261', '2017-01-22 15:31:01', '2', null, '', null, null, '[\"Driver\\/exception\\/2017-01-22\\/58845fae5e326.jpg\"]', null, '1', '117.223872,39.053741', '117.213013,39.063965', '1', '0');
INSERT INTO `done_order` VALUES ('112', 'ZT20170122bF7Psg', '0', 'DR20170120100002', 'VE120170123100008', 'CU1100003', '老王', '18400404040', '天津太平医药有限公司', '', '天津市河东区王串场1号路', '收货人姓名', '1988477321', '第三中心医院', '', '天津市和平区沙市道20号', null, '10.0', '10.0', '0.0', '0.0', '0.0', '1', '货物描述184184', '2', '2017-01-22 15:22:49', '2017-01-22 16:02:25', '2016-12-09 17:10:00', null, '1485150774', '2017-01-23 13:52:54', '0', null, '额外需求', null, null, null, null, '1', '117.227745,39.144529', '117.195797,39.111962', '2', '0');
INSERT INTO `done_order` VALUES ('115', 'ZT20170122MF2g4O', '1', 'DR20170120100002', 'VE120170121100005', 'CU100010', '', '13682105048', '', '', '天津市南开区红旗南路九拍现代打击乐+', '张弓', '13682105048', '', '', '中国人民解放军第464医院+', null, '0.0', '0.0', '0.1', '0.1', '0.1', '1', '家具;', '2', '2017-01-22 15:34:30', '0000-00-00 00:00:00', '2017-01-22 17:34:30', null, '1485070912', '2017-01-22 15:41:52', '0', null, '', null, null, null, null, '1', '117.164887,39.074677', '117.183791,39.067405', '1', '0');
INSERT INTO `done_order` VALUES ('118', 'ZT20170122GNRpa6', '1', 'DR20170120100002', 'VE120170121100005', 'CU100010', '', '13682105048', '', '', '中国人民解放军第464医院+', '张弓', '13682105048', '', '', '彩虹花园+', null, '0.0', '0.0', '0.1', '0.1', '0.1', '1', '货物不符', '2', '2017-01-22 15:45:25', '2017-01-22 15:45:25', '2017-01-22 17:45:25', null, '1485071741', '2017-01-22 15:55:41', '5', null, '', null, null, '[]', null, '1', '117.183791,39.067405', '117.164289,39.075051', '1', '0');
INSERT INTO `done_order` VALUES ('124', 'ZT20170122Fu8JNE', '1', 'DR20170120100002', 'VE120170121100005', 'CU100010', '', '13682105048', '', '', '天津市南开区红旗南路九拍现代打击乐+', '张弓', '13682105048', '', '', '彩虹花园+', null, '0.0', '0.0', '0.1', '0.1', '0.1', '1', '家具;', '2', '2017-01-22 15:54:58', '2017-01-22 15:54:58', '2017-01-22 17:54:58', null, '1485072028', '2017-01-22 16:00:28', '0', null, '', null, null, null, null, '1', '117.164938,39.074635', '117.164289,39.075051', '1', '0');
INSERT INTO `done_order` VALUES ('129', 'ZT201701224oVXxE', '1', 'DR20170120100002', 'VE120170121100005', 'CU100010', '', '13682105048', '', '', '彩虹花园+', '张弓', '13682105048', '', '', '太平医药有限公司储运中心+', null, '0.0', '0.0', '0.1', '0.1', '0.1', '1', '生鲜;', '2', '2017-01-22 16:09:27', '2017-01-22 16:09:27', '2017-01-22 18:09:27', null, '1485075442', '2017-01-22 16:57:22', '0', null, '', null, null, null, null, '1', '117.164289,39.075051', '117.133192,39.119199', '1', '0');
INSERT INTO `done_order` VALUES ('132', 'ZT201701225iARKs', '1', 'DR20170120100002', 'VE120170123100008', 'CU100006', '朕', '18330219027', '', '', '天津市西青区海泰发展六道6号', '邸广照', '1867346498', '', '', '天津市西青区高新区(地铁站)', null, '0.0', '0.0', '0.1', '0.1', '0.1', '1', '生鲜', '2', '2017-01-22 16:25:42', '2017-01-22 16:25:42', '2017-01-22 18:25:46', null, '1485150778', '2017-01-23 13:52:58', '0', null, '', null, null, null, null, '1', '117.094525,39.077336', '117.098616,39.071883', '1', '0');
INSERT INTO `done_order` VALUES ('133', 'ZT20170122rbDJdB', '0', 'DR20170123100010', 'VE120170123100007', 'CU1100008', '任家瑞', '13820854120', '天津太平医药有限公司', '', '南开区罗平道12号', '小刘', '13602033193', '彩虹花园', '', '南开区解放南路彩虹花园72号', null, '1.0', '1.0', '0.0', '0.0', '0.0', '12', '药品', '2', '2017-01-22 16:26:27', '2017-01-23 10:13:56', '2017-01-22 00:00:00', null, '1485137656', '2017-01-23 10:14:16', '0', null, '无', null, null, null, null, '1', '117.133686,39.119556', '117.164713,39.074433', '2', '0');
INSERT INTO `done_order` VALUES ('140', 'ZT2017012259B26y', '2', 'DR20170122100009', 'VE120170122100006', 'CU1100008', '任家瑞', '13820854120', '天津太平医药有限公司', '', '南开区罗平道12号', '小王', '13602033193', '天津市化工职工职业病防治院', '', '天津东站+', null, '1.0', '1.0', '0.0', '0.0', '0.0', '50', '', '2', '2017-01-22 10:58:02', '2017-01-22 11:00:04', '1905-07-09 00:00:00', null, '1485075705', null, '4', '', '无', null, null, '[]', '2017-01-22 17:00:31', '2', '117.133686,39.119556', '117.209915,39.135895', '1', '0');
INSERT INTO `done_order` VALUES ('141', 'ZT2017012259B26y', '1', 'DR20170122100009', 'VE120170122100006', 'CU1100008', '任家瑞', '13820854120', '天津太平医药有限公司', '', '南开区罗平道12号', '小王', '13602033193', '天津市化工职工职业病防治院', '', '西站(地铁站)+', null, '1.0', '1.0', '0.0', '0.0', '0.0', '50', '', '2', '2017-01-22 10:58:02', '2017-01-22 11:00:04', '1905-07-09 00:00:00', null, '1485075705', '2017-01-22 17:01:45', '5', null, '无', null, null, '[]', null, '2', '117.133686,39.119556', '117.166791,39.156971', '2', '0');
INSERT INTO `done_order` VALUES ('145', 'ZT201701237oe1m0', '2', 'DR20170122100009', 'VE120170121100005', 'CU1100008', '任家瑞', '13820854120', '天津太平医药有限公司', '', '南开区罗平道12号', '小刘', '13602033193', '天津市东丽区万新街社区服务中心', '', '天津市东丽区万新街道沙柳路兰亭里7号楼底商', null, '1.0', '1.0', '0.0', '0.0', '0.0', '4', '药品', '2', '2017-01-23 14:15:35', '2017-01-23 14:15:55', '2017-01-23 00:00:00', null, '1485161150', null, '4', '货物需要改变地方', '无', null, null, null, '2017-01-23 15:50:38', '1', '117.133686,39.119556', '117.286046,39.133971', '1', '0');
INSERT INTO `done_order` VALUES ('146', 'ZT20170123maKrJR', '1', 'DR20170122100009', 'VE120170121100005', 'CU1100008', '任家瑞', '13820854120', '天津太平医药有限公司', '', '南开区罗平道12号', '小刘', '13602033193', '天津市河东区鲁山道街社区卫生服务社区', '', '天津市东丽区雪莲路', null, '1.0', '1.0', '0.0', '0.0', '0.0', '1', '药品', '2', '2017-01-23 14:15:35', '2017-01-23 14:15:59', '2017-01-23 00:00:00', null, '1485156809', '2017-01-23 15:33:29', '0', null, '无', null, null, null, null, '1', '117.133686,39.119556', '117.293079,39.136374', '2', '0');
INSERT INTO `done_order` VALUES ('147', 'ZT20170123UTTsJB', '1', 'DR20170122100009', 'VE120170121100005', 'CU1100008', '任家瑞', '13820854120', '天津太平医药有限公司', '', '南开区罗平道12号', '小刘', '13602033193', '天津铁建昆仑职工医院', '', '天津市河东区东新街道嵩山道与蓬莱路交口', null, '1.0', '1.0', '0.0', '0.0', '0.0', '2', '药品', '2', '2017-01-23 14:15:35', '2017-01-23 14:16:04', '2017-01-23 00:00:00', null, '1485155336', '2017-01-23 15:08:56', '0', null, '无', null, null, null, null, '1', '117.133686,39.119556', '117.273649,39.134082', '2', '0');
INSERT INTO `done_order` VALUES ('148', 'ZT20170123hwuCNm', '1', 'DR20170122100009', 'VE120170121100005', 'CU1100008', '任家瑞', '13820854120', '天津太平医药有限公司', '', '南开区罗平道12号', '小刘', '13602033193', '中国人民武装警察部队后勤学院附属医院', '', '天津市东丽区成林道220号', null, '1.0', '1.0', '0.0', '0.0', '0.0', '25', '药品', '2', '2017-01-23 14:15:35', '2017-01-23 14:16:11', '2017-01-23 00:00:00', null, '1485157763', '2017-01-23 15:49:23', '0', null, '无', null, null, null, null, '1', '117.133686,39.119556', '117.280387,39.130632', '2', '0');
INSERT INTO `done_order` VALUES ('149', 'ZT2017012335PnfW', '1', 'DR20170122100009', 'VE120170121100005', 'CU1100008', '任家瑞', '13820854120', '天津太平医药有限公司', '', '南开区罗平道12号', '小刘', '13602033193', '武警天津总队医院', '', '天津市东丽区卫国道208号', null, '1.0', '1.0', '0.0', '0.0', '0.0', '34', '药品', '2', '2017-01-23 14:15:35', '2017-01-23 14:16:16', '2017-01-23 00:00:00', null, '1485155775', '2017-01-23 15:16:15', '0', null, '无', null, null, null, null, '1', '117.133686,39.119556', '117.287199,39.147553', '2', '0');
INSERT INTO `done_order` VALUES ('150', 'ZT20170123IMHCRO', '2', 'DR20170120100002', 'VE120170122100006', 'CU1100008', '任家瑞', '13820854120', '天津太平医药有限公司', '', '南开区罗平道12号', '小刘', '13602033193', '天津华北医院', '', '新开路373号', null, '1.0', '1.0', '0.0', '0.0', '0.0', '3', '药品', '2', '2017-01-23 14:39:01', '2017-01-23 14:39:31', '2017-01-23 00:00:00', null, '1485159225', null, '4', '', '无', null, null, null, '2017-01-23 15:38:35', '1', '117.133686,39.119556', '117.226159,39.131532', '1', '0');
INSERT INTO `done_order` VALUES ('151', 'ZT2017012389gYyV', '1', 'DR20170120100002', 'VE120170122100006', 'CU1100008', '任家瑞', '13820854120', '天津太平医药有限公司', '', '南开区罗平道12号', '小刘', '13602033193', '天津市河东区中医医院', '', '天津市河东区天山路与嵩山道交口', null, '1.0', '1.0', '0.0', '0.0', '0.0', '59', '药品', '2', '2017-01-23 14:39:01', '2017-01-23 14:39:35', '2017-01-23 00:00:00', null, '1485156276', '2017-01-23 15:24:36', '0', null, '无', null, null, null, null, '1', '117.133686,39.119556', '117.277415,39.136722', '2', '0');
INSERT INTO `done_order` VALUES ('152', 'ZT20170123IMHCRO', '2', 'DR20170120100002', 'VE120170122100006', 'CU1100008', '任家瑞', '13820854120', '天津太平医药有限公司', '', '南开区罗平道12号', '小刘', '13602033193', '天津华北医院', '', '天津市河东区中医医院+', null, '1.0', '1.0', '0.0', '0.0', '0.0', '3', '药品', '2', '2017-01-23 14:39:01', '2017-01-23 14:39:31', '2017-01-23 00:00:00', null, '1485159225', null, '4', '', '无', null, null, null, '2017-01-23 15:38:35', '2', '117.133686,39.119556', '117.277543,39.135162', '1', '0');
INSERT INTO `done_order` VALUES ('153', 'ZT20170123IMHCRO', '1', 'DR20170120100002', 'VE120170122100006', 'CU1100008', '任家瑞', '13820854120', '天津太平医药有限公司', '', '南开区罗平道12号', '小刘', '13602033193', '天津华北医院', '', '罗坪道12号+', null, '1.0', '1.0', '0.0', '0.0', '0.0', '3', '药品', '2', '2017-01-23 14:39:01', '2017-01-23 14:39:31', '2017-01-23 00:00:00', null, '1485159225', '2017-01-23 16:13:45', '0', null, '无', null, null, null, null, '2', '117.133686,39.119556', '117.134039,39.120147', '2', '0');
INSERT INTO `done_order` VALUES ('154', 'ZT20170123Rpg7st', '1', 'DR20170120100002', 'VE120170122100006', 'CU1100008', '任家瑞', '13820854120', '天津市河东区中医医院', '', '天津市河东区天山路与嵩山道交口', '小刘', '13602033193', '万新街社区医院', '', '天津市东丽区卧龙路52号增1号', null, '1.0', '1.0', '0.0', '0.0', '0.0', '59', '药品', '2', '2017-01-23 15:44:04', '2017-01-23 15:44:11', '2017-01-23 00:00:00', null, '1485158127', '2017-01-23 15:55:27', '0', null, '无', null, null, null, null, '1', '117.277415,39.136722', '117.276669,39.113877', '2', '0');
INSERT INTO `done_order` VALUES ('155', 'ZT201701237oe1m0', '0', 'DR20170122100009', 'VE120170121100005', 'CU1100008', '任家瑞', '13820854120', '天津太平医药有限公司', '', '南开区罗平道12号', '小刘', '13602033193', '天津市东丽区万新街社区服务中心', '', '彩虹花园+', null, '1.0', '1.0', '0.0', '0.0', '0.0', '4', '药品', '2', '2017-01-23 14:15:35', '2017-01-23 14:15:55', '2017-01-23 00:00:00', null, '1485161150', '2017-01-23 16:45:50', '0', null, '无', null, null, null, null, '2', '117.133686,39.119556', '117.164289,39.075051', '2', '0');
INSERT INTO `done_order` VALUES ('156', 'ZT20170123OPXn6X', '7', '', 'VE120170120100004', 'CU1100008', '任家瑞', '13820854120', '天津太平医药有限公司', '', '南开区罗平道12号', '小刘', '13602033193', '天津市东丽区万新街社区服务中心', '', '天津市东丽区万新街道沙柳路兰亭里7号楼底商', null, '1.0', '1.0', '0.0', '0.0', '0.0', '4', '药品', '2', '2017-01-23 16:18:17', '0000-00-00 00:00:00', '2017-01-25 00:00:00', '0000-00-00 00:00:00', '1485159764', null, '0', null, '无', null, null, null, null, '1', '117.133686,39.119556', '117.286046,39.133971', '2', '0');
INSERT INTO `done_order` VALUES ('157', 'ZT201701232Mlp4v', '7', '', 'VE120170120100004', 'CU1100008', '任家瑞', '13820854120', '天津太平医药有限公司', '', '南开区罗平道12号', '小刘', '13602033193', '天津市河东区鲁山道街社区卫生服务社区', '', '天津市东丽区雪莲路', null, '1.0', '1.0', '0.0', '0.0', '0.0', '1', '药品', '2', '2017-01-23 16:18:17', '0000-00-00 00:00:00', '2017-01-25 00:00:00', '0000-00-00 00:00:00', '1485159766', null, '0', null, '无', null, null, null, null, '1', '117.133686,39.119556', '117.293079,39.136374', '2', '0');
INSERT INTO `done_order` VALUES ('158', 'ZT20170123d1TNyy', '7', '', 'VE120170120100004', 'CU1100008', '任家瑞', '13820854120', '天津太平医药有限公司', '', '南开区罗平道12号', '小刘', '13602033193', '天津铁建昆仑职工医院', '', '天津市河东区东新街道嵩山道与蓬莱路交口', null, '1.0', '1.0', '0.0', '0.0', '0.0', '2', '药品', '2', '2017-01-23 16:18:17', '0000-00-00 00:00:00', '2017-01-25 00:00:00', '0000-00-00 00:00:00', '1485159769', null, '0', null, '无', null, null, null, null, '1', '117.133686,39.119556', '117.273649,39.134082', '2', '0');
INSERT INTO `done_order` VALUES ('159', 'ZT20170123AWvuMl', '7', '', 'VE120170120100004', 'CU1100008', '任家瑞', '13820854120', '天津太平医药有限公司', '', '南开区罗平道12号', '小刘', '13602033193', '中国人民武装警察部队后勤学院附属医院', '', '天津市东丽区成林道220号', null, '1.0', '1.0', '0.0', '0.0', '0.0', '25', '药品', '2', '2017-01-23 16:18:17', '0000-00-00 00:00:00', '2017-01-25 00:00:00', '0000-00-00 00:00:00', '1485159771', null, '0', null, '无', null, null, null, null, '1', '117.133686,39.119556', '117.280387,39.130632', '2', '0');
INSERT INTO `done_order` VALUES ('160', 'ZT201701238zgsdU', '7', '', 'VE120170120100004', 'CU1100008', '任家瑞', '13820854120', '天津太平医药有限公司', '', '南开区罗平道12号', '小刘', '13602033193', '武警天津总队医院', '', '天津市东丽区卫国道208号', null, '1.0', '1.0', '0.0', '0.0', '0.0', '34', '药品', '2', '2017-01-23 16:18:17', '0000-00-00 00:00:00', '2017-01-25 00:00:00', '0000-00-00 00:00:00', '1485159773', null, '0', null, '无', null, null, null, null, '1', '117.133686,39.119556', '117.287199,39.147553', '2', '0');
INSERT INTO `done_order` VALUES ('161', 'ZT20170123n4buS0', '7', '', 'VE120170121100005', 'CU1100008', '任家瑞', '13820854120', '天津太平医药有限公司', '', '南开区罗平道12号', '小刘', '13602033193', '天津市东丽区万新街社区服务中心', '', '天津市东丽区万新街道沙柳路兰亭里7号楼底商', null, '1.0', '1.0', '0.0', '0.0', '0.0', '4', '药品', '2', '2017-01-23 16:20:29', '0000-00-00 00:00:00', '2017-01-25 00:00:00', '0000-00-00 00:00:00', '1485159750', null, '0', null, '无', null, null, null, null, '1', '117.133686,39.119556', '117.286046,39.133971', '2', '0');
INSERT INTO `done_order` VALUES ('162', 'ZT20170123apEgvy', '7', '', 'VE120170121100005', 'CU1100008', '任家瑞', '13820854120', '天津太平医药有限公司', '', '南开区罗平道12号', '小刘', '13602033193', '天津市河东区鲁山道街社区卫生服务社区', '', '天津市东丽区雪莲路', null, '1.0', '1.0', '0.0', '0.0', '0.0', '1', '药品', '2', '2017-01-23 16:20:29', '0000-00-00 00:00:00', '2017-01-25 00:00:00', '0000-00-00 00:00:00', '1485159753', null, '0', null, '无', null, null, null, null, '1', '117.133686,39.119556', '117.293079,39.136374', '2', '0');
INSERT INTO `done_order` VALUES ('163', 'ZT20170123f5FgcU', '7', '', 'VE120170121100005', 'CU1100008', '任家瑞', '13820854120', '天津太平医药有限公司', '', '南开区罗平道12号', '小刘', '13602033193', '天津铁建昆仑职工医院', '', '天津市河东区东新街道嵩山道与蓬莱路交口', null, '1.0', '1.0', '0.0', '0.0', '0.0', '2', '药品', '2', '2017-01-23 16:20:29', '0000-00-00 00:00:00', '2017-01-25 00:00:00', '0000-00-00 00:00:00', '1485159757', null, '0', null, '无', null, null, null, null, '1', '117.133686,39.119556', '117.273649,39.134082', '2', '0');
INSERT INTO `done_order` VALUES ('164', 'ZT20170123Buq3cN', '7', '', 'VE120170121100005', 'CU1100008', '任家瑞', '13820854120', '天津太平医药有限公司', '', '南开区罗平道12号', '小刘', '13602033193', '中国人民武装警察部队后勤学院附属医院', '', '天津市东丽区成林道220号', null, '1.0', '1.0', '0.0', '0.0', '0.0', '25', '药品', '2', '2017-01-23 16:20:29', '0000-00-00 00:00:00', '2017-01-25 00:00:00', '0000-00-00 00:00:00', '1485159759', null, '0', null, '无', null, null, null, null, '1', '117.133686,39.119556', '117.280387,39.130632', '2', '0');
INSERT INTO `done_order` VALUES ('165', 'ZT201701233AtEkB', '7', '', 'VE120170121100005', 'CU1100008', '任家瑞', '13820854120', '天津太平医药有限公司', '', '南开区罗平道12号', '小刘', '13602033193', '武警天津总队医院', '', '天津市东丽区卫国道208号', null, '1.0', '1.0', '0.0', '0.0', '0.0', '34', '药品', '2', '2017-01-23 16:20:29', '0000-00-00 00:00:00', '2017-01-25 00:00:00', '0000-00-00 00:00:00', '1485159762', null, '0', null, '无', null, null, null, null, '1', '117.133686,39.119556', '117.287199,39.147553', '2', '0');
INSERT INTO `done_order` VALUES ('166', 'ZT201701250jgZPF', '0', 'DR20170125100012', 'VE120170120100004', 'CU1100002', '测试1', '13245678654', '测试公司1', '天津市', '天津市西青区景福花园', '测试2', '18765432456', '测试公司2', '天津市', '天津市河西区世纪酒店', null, '1.0', '1.0', '0.0', '0.0', '0.0', '1', '', '1', '2017-01-25 12:09:50', '2017-01-25 12:09:53', '2017-01-25 11:55:55', null, '1485323066', '2017-01-25 13:44:26', '0', null, null, null, null, null, null, '1', '117.114543,39.055000', '117.203071,39.074547', '2', '0');
INSERT INTO `done_order` VALUES ('182', 'ZT20170208HY8SWx', '7', 'DR20170120100002', 'VE120170121100005', 'CU100015', '', '18502621908', '', '', '天津市西青区海泰发展六道6号', '张三', '185649673124', '', '', '天津市和平区天津市眼科医院(甘肃路)', null, '0.0', '0.0', '0.1', '0.1', '0.1', '1', '建材', '2', '2017-02-08 10:56:18', '2017-02-08 10:56:18', '2017-02-08 12:56:16', '0000-00-00 00:00:00', '1486522653', null, '0', '司机未能准时到达', '', null, null, null, null, '1', '117.094829,39.076896', '117.185036,39.124422', '1', '0');
INSERT INTO `done_order` VALUES ('183', 'ZT20170208ufZM8e', '7', 'DR20170120100002', 'VE120170121100005', 'CU100015', '', '18502621908', '', '', '天津市西青区海泰发展六道6号', '喔喔喔', '185643123467', '', '', '天津市南开区东南角(地铁站)', null, '0.0', '0.0', '0.0', '0.0', '0.0', '1', '建材', '2', '2017-02-08 10:58:09', '2017-02-08 10:58:09', '2017-02-08 12:58:08', '0000-00-00 00:00:00', '1486522746', null, '0', '司机未能准时到达', '', null, null, null, null, '1', '117.094829,39.076896', '117.190293,39.136881', '1', '0');
INSERT INTO `done_order` VALUES ('184', 'ZT20170208JpWxlL', '1', '', null, 'CU1100003', '老王', '18400404040', '天津太平医药有限公司', '', '天津市河东区王串场1号路', '收货人姓名', '1988477321', '天津市第三中心医院', '', '天津市和平区西安道93号', null, '10.0', '10.0', '0.0', '0.0', '0.0', '1', '货物描述184184', '2', '2017-02-08 09:40:20', null, '2016-12-09 17:10:00', null, '1486518020', null, '0', null, '额外需求', null, null, null, null, '1', '117.227745,39.144529', '117.220483,39.082456', '2', '0');
INSERT INTO `done_order` VALUES ('185', 'ZT20170208JpWxlL', '1', '', null, 'CU1100003', '老王', '18400404040', '天津太平医药有限公司', '', '天津市河东区王串场1号路', '收货人姓名', '1988477321', '天津市第三中心医院', '', '天津市和平区西安道93号', null, '10.0', '10.0', '0.0', '0.0', '0.0', '1', '货物描述184184', '2', '2017-02-08 09:40:20', null, '2016-12-09 17:10:00', null, '1486518020', null, '0', null, '额外需求', null, null, null, null, '1', '117.227745,39.144529', '117.220483,39.082456', '2', '0');

-- ----------------------------
-- Table structure for driver_chargeback
-- ----------------------------
DROP TABLE IF EXISTS `driver_chargeback`;
CREATE TABLE `driver_chargeback` (
  `orderId` bigint(20) NOT NULL COMMENT '订单ID',
  `orderNum` char(18) NOT NULL COMMENT '订单编号',
  `driverId` char(20) NOT NULL COMMENT '司机ID',
  `money` decimal(7,2) NOT NULL COMMENT '扣款金额',
  `createTime` timestamp NOT NULL DEFAULT CURRENT_TIMESTAMP COMMENT '创建时间'
) ENGINE=InnoDB DEFAULT CHARSET=utf8;

-- ----------------------------
-- Records of driver_chargeback
-- ----------------------------
INSERT INTO `driver_chargeback` VALUES ('5', 'ZT20170120a81cBh', 'DR20170120100002', '10.00', '2017-01-20 14:43:08');
INSERT INTO `driver_chargeback` VALUES ('4', 'ZT20170120IRXR6X', 'DR20170120100002', '10.00', '2017-01-20 14:43:23');
INSERT INTO `driver_chargeback` VALUES ('39', 'ZT20170121DDbh1l', 'DR20170120100001', '50.00', '2017-01-21 20:37:03');
INSERT INTO `driver_chargeback` VALUES ('35', 'ZT20170121Abwk9I', 'DR20170120100001', '20.00', '2017-01-22 14:26:30');

-- ----------------------------
-- Table structure for driver_withdraw
-- ----------------------------
DROP TABLE IF EXISTS `driver_withdraw`;
CREATE TABLE `driver_withdraw` (
  `id` bigint(20) unsigned NOT NULL AUTO_INCREMENT,
  `driverId` char(20) NOT NULL COMMENT '司机ID',
  `driverName` char(20) NOT NULL COMMENT '司机姓名',
  `bankNum` bigint(19) NOT NULL COMMENT '银行卡号',
  `bankName` char(30) NOT NULL COMMENT '银行名称',
  `branch` varchar(255) NOT NULL COMMENT '支行',
  `money` decimal(7,2) NOT NULL DEFAULT '0.00' COMMENT '提现金额',
  `createTime` datetime NOT NULL COMMENT '申请时间',
  `payTime` datetime DEFAULT NULL COMMENT '支付时间',
  `isPay` tinyint(1) NOT NULL DEFAULT '0' COMMENT '提现结果（0：未处理;1:提现成功;2:拒绝）',
  PRIMARY KEY (`id`)
) ENGINE=InnoDB AUTO_INCREMENT=7 DEFAULT CHARSET=utf8;

-- ----------------------------
-- Records of driver_withdraw
-- ----------------------------
INSERT INTO `driver_withdraw` VALUES ('1', 'DR20170120100002', '朕', '8373626282625373', '招商银行', '天津支行', '125.00', '2017-01-20 14:48:41', '2017-01-20 14:48:48', '1');
INSERT INTO `driver_withdraw` VALUES ('2', 'DR20170120100002', '朕', '8373626282625373', '招商银行', '天津支行', '500.00', '2017-01-20 14:50:00', '2017-01-20 14:50:23', '2');
INSERT INTO `driver_withdraw` VALUES ('3', 'DR20170120100002', '朕', '8373626282625373', '招商银行', '天津支行', '500.00', '2017-01-20 14:50:00', '2017-01-20 14:50:20', '2');
INSERT INTO `driver_withdraw` VALUES ('4', 'DR20170120100002', '朕', '8373626282625373', '招商银行', '天津支行', '500.00', '2017-01-20 14:50:00', '2017-01-20 14:50:16', '2');
INSERT INTO `driver_withdraw` VALUES ('5', 'DR20170120100002', '朕', '8373626282625373', '招商银行', '天津支行', '100.00', '2017-01-22 14:11:50', '2017-01-22 14:18:17', '1');
INSERT INTO `driver_withdraw` VALUES ('6', 'DR20170120100002', '朕', '8373626282625373', '招商银行', '天津支行', '100.00', '2017-01-24 10:26:56', '2017-01-24 10:27:14', '1');

-- ----------------------------
-- Table structure for examination_admin
-- ----------------------------
DROP TABLE IF EXISTS `examination_admin`;
CREATE TABLE `examination_admin` (
  `adminId` int(11) NOT NULL AUTO_INCREMENT,
  `adminName` varchar(255) NOT NULL,
  `password` varchar(255) DEFAULT NULL,
  `level` tinyint(1) DEFAULT NULL COMMENT '0:教委 ,1:学校，2:录入人员，3:学生',
  `relatedId` bigint(20) DEFAULT NULL COMMENT '可以为学校Id和学生Id',
  PRIMARY KEY (`adminId`),
  UNIQUE KEY `adminId_UNIQUE` (`adminId`)
) ENGINE=InnoDB DEFAULT CHARSET=utf8;

-- ----------------------------
-- Records of examination_admin
-- ----------------------------

-- ----------------------------
-- Table structure for examination_class
-- ----------------------------
DROP TABLE IF EXISTS `examination_class`;
CREATE TABLE `examination_class` (
  `classId` int(11) NOT NULL,
  `grade` varchar(50) DEFAULT NULL,
  `class` varchar(50) DEFAULT NULL,
  PRIMARY KEY (`classId`),
  UNIQUE KEY `classId_UNIQUE` (`classId`)
) ENGINE=InnoDB DEFAULT CHARSET=utf8;

-- ----------------------------
-- Records of examination_class
-- ----------------------------

-- ----------------------------
-- Table structure for examination_school
-- ----------------------------
DROP TABLE IF EXISTS `examination_school`;
CREATE TABLE `examination_school` (
  `schoolId` int(11) NOT NULL AUTO_INCREMENT,
  `schoolNo` varchar(50) NOT NULL,
  `schoolName` varchar(100) NOT NULL,
  `address` varchar(255) NOT NULL,
  `level` int(1) DEFAULT NULL,
  `postalCode` varchar(100) DEFAULT NULL,
  `limkMan` varchar(100) DEFAULT NULL,
  `telephone` varchar(20) DEFAULT NULL,
  `note` text,
  PRIMARY KEY (`schoolId`,`schoolNo`),
  UNIQUE KEY `schoolId_UNIQUE` (`schoolId`),
  UNIQUE KEY `schoolNo_UNIQUE` (`schoolNo`),
  KEY `fk_level_idx` (`level`),
  CONSTRAINT `fk_level` FOREIGN KEY (`level`) REFERENCES `examination_school_level` (`levelId`) ON DELETE SET NULL ON UPDATE SET NULL
) ENGINE=InnoDB DEFAULT CHARSET=utf8;

-- ----------------------------
-- Records of examination_school
-- ----------------------------

-- ----------------------------
-- Table structure for examination_school_level
-- ----------------------------
DROP TABLE IF EXISTS `examination_school_level`;
CREATE TABLE `examination_school_level` (
  `levelId` int(11) NOT NULL,
  `levelName` varchar(50) NOT NULL COMMENT '学校办学层次（小 初 高）',
  `lengthYear` varchar(50) DEFAULT NULL COMMENT '学制信息（六三 五四 五三）',
  PRIMARY KEY (`levelId`),
  UNIQUE KEY `levelId_UNIQUE` (`levelId`),
  UNIQUE KEY `levelName_UNIQUE` (`levelName`)
) ENGINE=InnoDB DEFAULT CHARSET=utf8;

-- ----------------------------
-- Records of examination_school_level
-- ----------------------------

-- ----------------------------
-- Table structure for examination_student
-- ----------------------------
DROP TABLE IF EXISTS `examination_student`;
CREATE TABLE `examination_student` (
  `studentId` bigint(20) NOT NULL AUTO_INCREMENT,
  `studentNo` varchar(50) NOT NULL,
  `idCard` varchar(50) NOT NULL,
  `studentName` varchar(100) NOT NULL,
  `sex` tinyint(1) DEFAULT NULL,
  `birthDay` date DEFAULT NULL,
  `nationality` varchar(50) DEFAULT NULL,
  `enrollmentTime` date DEFAULT NULL,
  `telephone` varchar(20) DEFAULT NULL,
  `address` varchar(255) DEFAULT NULL,
  `classId` int(11) DEFAULT NULL,
  PRIMARY KEY (`studentId`,`studentNo`),
  UNIQUE KEY `studentId_UNIQUE` (`studentId`),
  UNIQUE KEY `studentNo_UNIQUE` (`studentNo`),
  UNIQUE KEY `idCard_UNIQUE` (`idCard`),
  KEY `fk_student_class_idx` (`classId`),
  CONSTRAINT `fk_student_class` FOREIGN KEY (`classId`) REFERENCES `examination_class` (`classId`) ON DELETE SET NULL ON UPDATE SET NULL
) ENGINE=InnoDB DEFAULT CHARSET=utf8;

-- ----------------------------
-- Records of examination_student
-- ----------------------------

-- ----------------------------
-- Table structure for examination_student_school
-- ----------------------------
DROP TABLE IF EXISTS `examination_student_school`;
CREATE TABLE `examination_student_school` (
  `studentNo` varchar(50) DEFAULT NULL,
  `schoolNo` varchar(50) DEFAULT NULL,
  `startTime` date DEFAULT NULL,
  `endTime` date DEFAULT NULL,
  KEY `fk_student_school_01_idx` (`studentNo`),
  KEY `fk_student_school_02_idx` (`schoolNo`),
  CONSTRAINT `fk_student_school_01` FOREIGN KEY (`studentNo`) REFERENCES `examination_student` (`studentNo`) ON DELETE SET NULL ON UPDATE SET NULL,
  CONSTRAINT `fk_student_school_02` FOREIGN KEY (`schoolNo`) REFERENCES `examination_school` (`schoolNo`) ON DELETE SET NULL ON UPDATE SET NULL
) ENGINE=InnoDB DEFAULT CHARSET=utf8;

-- ----------------------------
-- Records of examination_student_school
-- ----------------------------

-- ----------------------------
-- Table structure for exception_reason
-- ----------------------------
DROP TABLE IF EXISTS `exception_reason`;
CREATE TABLE `exception_reason` (
  `reasonId` bigint(20) NOT NULL,
  `type` tinyint(1) NOT NULL DEFAULT '1' COMMENT '原因类型（1：异常原因：2改派原因）',
  `title` char(30) NOT NULL COMMENT '异常原因',
  PRIMARY KEY (`reasonId`)
) ENGINE=InnoDB DEFAULT CHARSET=utf8;

-- ----------------------------
-- Records of exception_reason
-- ----------------------------
INSERT INTO `exception_reason` VALUES ('1', '1', '取货货物异常');
INSERT INTO `exception_reason` VALUES ('2', '2', '收货货物异常');
INSERT INTO `exception_reason` VALUES ('4', '2', '收货地址变更');
INSERT INTO `exception_reason` VALUES ('5', '2', '拒收货');
INSERT INTO `exception_reason` VALUES ('7', '3', '服务太慢了！');
INSERT INTO `exception_reason` VALUES ('8', '3', '暂时不需要啦');

-- ----------------------------
-- Table structure for expense_calendar
-- ----------------------------
DROP TABLE IF EXISTS `expense_calendar`;
CREATE TABLE `expense_calendar` (
  `id` bigint(20) unsigned NOT NULL AUTO_INCREMENT,
  `origin` tinyint(1) NOT NULL DEFAULT '1' COMMENT '来源（1：物流单;2：充值单）',
  `customerId` char(20) NOT NULL COMMENT '客户ID',
  `money` decimal(7,2) NOT NULL COMMENT '金额',
  `orderNum` char(20) NOT NULL COMMENT '订单号',
  `payment` tinyint(1) NOT NULL DEFAULT '1' COMMENT '支付方式（1:支付宝;2:微信;3:银联）',
  `payTime` int(11) NOT NULL COMMENT '支付时间',
  `tradeNo` varchar(50) DEFAULT NULL COMMENT '付款批次号',
  `RDType` tinyint(1) NOT NULL DEFAULT '0' COMMENT '收支(0:支出;1:收入)',
  PRIMARY KEY (`id`)
) ENGINE=InnoDB AUTO_INCREMENT=17 DEFAULT CHARSET=utf8;

-- ----------------------------
-- Records of expense_calendar
-- ----------------------------
INSERT INTO `expense_calendar` VALUES ('1', '1', 'CU100006', '23.46', '21', '1', '1484962635', '2017012121001004830253418857', '0');
INSERT INTO `expense_calendar` VALUES ('2', '1', 'CU100006', '23.31', '22', '1', '1484964359', '2017012121001004830253419829', '0');
INSERT INTO `expense_calendar` VALUES ('3', '1', 'CU100006', '23.31', '23', '1', '1484964624', '2017012121001004830253433439', '0');
INSERT INTO `expense_calendar` VALUES ('4', '1', 'CU100006', '23.53', '44', '1', '1484968560', '2017012121001004830253499782', '0');
INSERT INTO `expense_calendar` VALUES ('5', '1', 'CU100006', '22.78', '45', '1', '1484969354', '2017012121001004830253495432', '0');
INSERT INTO `expense_calendar` VALUES ('6', '1', 'CU100010', '22.30', '76', '1', '1485054287', '2017012221001004720235579881', '0');
INSERT INTO `expense_calendar` VALUES ('7', '1', 'CU100010', '23.80', '85', '1', '1485057036', '2017012221001004720235650984', '0');
INSERT INTO `expense_calendar` VALUES ('8', '1', 'CU100010', '32.10', '93', '1', '1485067290', '2017012221001004720235793390', '0');
INSERT INTO `expense_calendar` VALUES ('9', '1', 'CU100010', '25.60', '103', '1', '1485068674', '2017012221001004720235819321', '0');
INSERT INTO `expense_calendar` VALUES ('10', '1', 'CU100010', '24.60', '108', '1', '1485069628', '2017012221001004720235832983', '0');
INSERT INTO `expense_calendar` VALUES ('11', '1', 'CU100010', '27.40', '115', '1', '1485070477', '2017012221001004720235833565', '0');
INSERT INTO `expense_calendar` VALUES ('12', '1', 'CU100010', '24.90', '118', '2', '1485071350', '4002512001201701227194306162', '0');
INSERT INTO `expense_calendar` VALUES ('13', '1', 'CU100010', '22.50', '124', '1', '1485071706', '2017012221001004720235856105', '0');
INSERT INTO `expense_calendar` VALUES ('14', '1', 'CU100010', '29.70', '129', '1', '1485072576', '2017012221001004720235865489', '0');
INSERT INTO `expense_calendar` VALUES ('16', '1', 'CU100006', '23.53', '132', '2', '1485073572', '4010052001201701227200538106', '0');

-- ----------------------------
-- Table structure for order_admin
-- ----------------------------
DROP TABLE IF EXISTS `order_admin`;
CREATE TABLE `order_admin` (
  `orderId` bigint(20) NOT NULL COMMENT '订单ID',
  `adminId` int(11) DEFAULT NULL COMMENT '记录员Id',
  `adminName` varchar(20) DEFAULT NULL COMMENT '记录员姓名',
  PRIMARY KEY (`orderId`)
) ENGINE=InnoDB DEFAULT CHARSET=utf8;

-- ----------------------------
-- Records of order_admin
-- ----------------------------
INSERT INTO `order_admin` VALUES ('1', '21', 'admin');
INSERT INTO `order_admin` VALUES ('2', '21', 'admin');
INSERT INTO `order_admin` VALUES ('3', '21', 'admin');
INSERT INTO `order_admin` VALUES ('4', '21', 'admin');
INSERT INTO `order_admin` VALUES ('5', '21', 'admin');
INSERT INTO `order_admin` VALUES ('6', '21', 'admin');
INSERT INTO `order_admin` VALUES ('7', '21', 'admin');
INSERT INTO `order_admin` VALUES ('8', '21', 'admin');
INSERT INTO `order_admin` VALUES ('9', '21', 'admin');
INSERT INTO `order_admin` VALUES ('10', '21', 'admin');
INSERT INTO `order_admin` VALUES ('11', '21', 'admin');
INSERT INTO `order_admin` VALUES ('24', '21', 'admin');
INSERT INTO `order_admin` VALUES ('25', '21', 'admin');
INSERT INTO `order_admin` VALUES ('26', '21', 'admin');
INSERT INTO `order_admin` VALUES ('27', '21', 'admin');
INSERT INTO `order_admin` VALUES ('28', '21', 'admin');
INSERT INTO `order_admin` VALUES ('29', '21', 'admin');
INSERT INTO `order_admin` VALUES ('30', '21', 'admin');
INSERT INTO `order_admin` VALUES ('31', '21', 'admin');
INSERT INTO `order_admin` VALUES ('32', '21', 'admin');
INSERT INTO `order_admin` VALUES ('33', '21', 'admin');
INSERT INTO `order_admin` VALUES ('34', '21', 'admin');
INSERT INTO `order_admin` VALUES ('35', '21', 'admin');
INSERT INTO `order_admin` VALUES ('36', '21', 'admin');
INSERT INTO `order_admin` VALUES ('37', '21', 'admin');
INSERT INTO `order_admin` VALUES ('38', '21', 'admin');
INSERT INTO `order_admin` VALUES ('39', '21', 'admin');
INSERT INTO `order_admin` VALUES ('40', '21', 'admin');
INSERT INTO `order_admin` VALUES ('41', '21', 'admin');
INSERT INTO `order_admin` VALUES ('42', '21', 'admin');
INSERT INTO `order_admin` VALUES ('43', '21', 'admin');
INSERT INTO `order_admin` VALUES ('47', '21', 'admin');
INSERT INTO `order_admin` VALUES ('48', '21', 'admin');
INSERT INTO `order_admin` VALUES ('49', '21', 'admin');
INSERT INTO `order_admin` VALUES ('50', '21', 'admin');
INSERT INTO `order_admin` VALUES ('51', '21', 'admin');
INSERT INTO `order_admin` VALUES ('55', '21', 'admin');
INSERT INTO `order_admin` VALUES ('56', '21', 'admin');
INSERT INTO `order_admin` VALUES ('57', '21', 'admin');
INSERT INTO `order_admin` VALUES ('58', '21', 'admin');
INSERT INTO `order_admin` VALUES ('59', '21', 'admin');
INSERT INTO `order_admin` VALUES ('60', '21', 'admin');
INSERT INTO `order_admin` VALUES ('70', '21', 'admin');
INSERT INTO `order_admin` VALUES ('71', '21', 'admin');
INSERT INTO `order_admin` VALUES ('72', '21', 'admin');
INSERT INTO `order_admin` VALUES ('73', '21', 'admin');
INSERT INTO `order_admin` VALUES ('74', '21', 'admin');
INSERT INTO `order_admin` VALUES ('75', '21', 'admin');
INSERT INTO `order_admin` VALUES ('87', '21', 'admin');
INSERT INTO `order_admin` VALUES ('89', '21', 'admin');
INSERT INTO `order_admin` VALUES ('98', '21', 'admin');
INSERT INTO `order_admin` VALUES ('100', '21', 'admin');
INSERT INTO `order_admin` VALUES ('104', '21', 'admin');
INSERT INTO `order_admin` VALUES ('105', '21', 'admin');
INSERT INTO `order_admin` VALUES ('109', '21', 'admin');
INSERT INTO `order_admin` VALUES ('110', '21', 'admin');
INSERT INTO `order_admin` VALUES ('111', '21', 'admin');
INSERT INTO `order_admin` VALUES ('112', '21', 'admin');
INSERT INTO `order_admin` VALUES ('113', '21', 'admin');
INSERT INTO `order_admin` VALUES ('133', '21', 'admin');
INSERT INTO `order_admin` VALUES ('142', '21', 'admin');
INSERT INTO `order_admin` VALUES ('143', '21', 'admin');
INSERT INTO `order_admin` VALUES ('144', '21', 'admin');
INSERT INTO `order_admin` VALUES ('145', '21', 'admin');
INSERT INTO `order_admin` VALUES ('146', '21', 'admin');
INSERT INTO `order_admin` VALUES ('147', '21', 'admin');
INSERT INTO `order_admin` VALUES ('148', '21', 'admin');
INSERT INTO `order_admin` VALUES ('149', '21', 'admin');
INSERT INTO `order_admin` VALUES ('150', '21', 'admin');
INSERT INTO `order_admin` VALUES ('151', '21', 'admin');
INSERT INTO `order_admin` VALUES ('154', '21', 'admin');
INSERT INTO `order_admin` VALUES ('156', '21', 'admin');
INSERT INTO `order_admin` VALUES ('157', '21', 'admin');
INSERT INTO `order_admin` VALUES ('158', '21', 'admin');
INSERT INTO `order_admin` VALUES ('159', '21', 'admin');
INSERT INTO `order_admin` VALUES ('160', '21', 'admin');
INSERT INTO `order_admin` VALUES ('161', '21', 'admin');
INSERT INTO `order_admin` VALUES ('162', '21', 'admin');
INSERT INTO `order_admin` VALUES ('163', '21', 'admin');
INSERT INTO `order_admin` VALUES ('164', '21', 'admin');
INSERT INTO `order_admin` VALUES ('165', '21', 'admin');
INSERT INTO `order_admin` VALUES ('166', '21', 'admin');
INSERT INTO `order_admin` VALUES ('167', '21', 'admin');
INSERT INTO `order_admin` VALUES ('168', '21', 'admin');
INSERT INTO `order_admin` VALUES ('173', '21', 'admin');
INSERT INTO `order_admin` VALUES ('174', '21', 'admin');
INSERT INTO `order_admin` VALUES ('175', '21', 'admin');
INSERT INTO `order_admin` VALUES ('178', '21', 'admin');
INSERT INTO `order_admin` VALUES ('179', '21', 'admin');
INSERT INTO `order_admin` VALUES ('180', '21', 'admin');

-- ----------------------------
-- Table structure for order_admin_exception
-- ----------------------------
DROP TABLE IF EXISTS `order_admin_exception`;
CREATE TABLE `order_admin_exception` (
  `orderId` bigint(20) NOT NULL COMMENT '订单Id',
  `reason` varchar(255) NOT NULL COMMENT '订单异常记录',
  `createTime` timestamp NOT NULL DEFAULT CURRENT_TIMESTAMP COMMENT '创建时间'
) ENGINE=InnoDB DEFAULT CHARSET=utf8;

-- ----------------------------
-- Records of order_admin_exception
-- ----------------------------
INSERT INTO `order_admin_exception` VALUES ('2', '测试', '2017-01-20 16:15:21');
INSERT INTO `order_admin_exception` VALUES ('11', '测试是是是是', '2017-01-20 17:57:48');
INSERT INTO `order_admin_exception` VALUES ('72', '取货破损，继续送货。', '2017-01-22 13:40:29');

-- ----------------------------
-- Table structure for recharge_order
-- ----------------------------
DROP TABLE IF EXISTS `recharge_order`;
CREATE TABLE `recharge_order` (
  `id` bigint(20) unsigned NOT NULL AUTO_INCREMENT,
  `orderNum` char(20) NOT NULL COMMENT '订单号',
  `customerId` char(20) NOT NULL COMMENT '客户ID',
  `totalMoney` decimal(7,2) NOT NULL COMMENT '金额',
  `payment` tinyint(1) NOT NULL DEFAULT '1' COMMENT '支付方式（1:支付宝；2：微信;3：银联）',
  `createTime` int(11) NOT NULL COMMENT '创建时间',
  `payTime` int(11) DEFAULT NULL COMMENT '支付时间',
  `isPay` tinyint(1) NOT NULL DEFAULT '0' COMMENT '是否支付（0：未成功；1:支付成功）',
  PRIMARY KEY (`id`)
) ENGINE=InnoDB DEFAULT CHARSET=utf8;

-- ----------------------------
-- Records of recharge_order
-- ----------------------------

-- ----------------------------
-- Table structure for refund
-- ----------------------------
DROP TABLE IF EXISTS `refund`;
CREATE TABLE `refund` (
  `id` bigint(20) unsigned NOT NULL AUTO_INCREMENT,
  `refundNum` char(20) NOT NULL COMMENT '退款单号',
  `orderId` char(20) NOT NULL COMMENT '订单ID',
  `refundMoney` decimal(7,2) NOT NULL DEFAULT '0.00' COMMENT '退款金额',
  `refundTime` int(11) NOT NULL COMMENT '退款时间',
  `payment` tinyint(1) NOT NULL DEFAULT '1' COMMENT '退款方式（1支付宝2微信3银联）',
  PRIMARY KEY (`id`)
) ENGINE=InnoDB DEFAULT CHARSET=utf8;

-- ----------------------------
-- Records of refund
-- ----------------------------

-- ----------------------------
-- Table structure for unfinished_money
-- ----------------------------
DROP TABLE IF EXISTS `unfinished_money`;
CREATE TABLE `unfinished_money` (
  `orderNum` char(18) NOT NULL COMMENT '订单编号',
  `driverId` char(20) NOT NULL DEFAULT '' COMMENT '司机ID',
  `insuranceFee` decimal(7,2) NOT NULL DEFAULT '0.00' COMMENT '报价费',
  `floorFee` decimal(7,2) NOT NULL DEFAULT '0.00' COMMENT '上楼费',
  `handlingFee` decimal(7,2) NOT NULL DEFAULT '0.00' COMMENT '装卸费',
  `freightFee` decimal(7,2) NOT NULL DEFAULT '0.00' COMMENT '运输费',
  `driverMoney` decimal(7,2) NOT NULL DEFAULT '0.00' COMMENT '司机金额',
  `totalMoney` decimal(7,2) NOT NULL DEFAULT '0.00' COMMENT '总金额',
  `payTime` datetime DEFAULT NULL COMMENT '支付时间',
  `settle` tinyint(1) NOT NULL DEFAULT '0' COMMENT '结算状态（0：未支付；1：已支付；2：部分支付,3:司机代收）',
  `settleAmount` decimal(7,2) DEFAULT NULL,
  `payment` tinyint(1) DEFAULT NULL COMMENT '支付方式(1:支付宝;2:微信3:银联)',
  UNIQUE KEY `orderNum` (`orderNum`,`driverId`) USING BTREE
) ENGINE=InnoDB DEFAULT CHARSET=utf8;

-- ----------------------------
-- Records of unfinished_money
-- ----------------------------
INSERT INTO `unfinished_money` VALUES ('ZT20170120e2MlOL', '', '0.00', '0.00', '0.00', '900.00', '900.00', '1000.00', null, '0', '1000.00', null);
INSERT INTO `unfinished_money` VALUES ('ZT20170120RkpC91', '', '0.00', '0.00', '0.00', '900.00', '900.00', '1000.00', null, '0', '1000.00', null);
INSERT INTO `unfinished_money` VALUES ('ZT20170120XoJqVV', '', '0.00', '0.00', '0.00', '900.00', '900.00', '1000.00', null, '0', '1000.00', null);
INSERT INTO `unfinished_money` VALUES ('ZT20170120zVOJHg', '', '0.00', '0.00', '0.00', '900.00', '900.00', '1000.00', null, '0', '1000.00', null);
INSERT INTO `unfinished_money` VALUES ('ZT201701211yRmEr', '', '0.00', '0.00', '0.00', '900.00', '900.00', '1000.00', null, '0', '1000.00', null);
INSERT INTO `unfinished_money` VALUES ('ZT201701219wL00h', '', '0.00', '0.00', '0.00', '900.00', '900.00', '1000.00', null, '0', '1000.00', null);
INSERT INTO `unfinished_money` VALUES ('ZT20170121aHPFkW', '', '0.00', '0.00', '0.00', '900.00', '900.00', '1000.00', null, '0', '1000.00', null);
INSERT INTO `unfinished_money` VALUES ('ZT20170121CRI9KV', '', '0.00', '0.00', '0.00', '900.00', '900.00', '1000.00', null, '0', '1000.00', null);
INSERT INTO `unfinished_money` VALUES ('ZT20170121d1HVbS', '', '0.00', '0.00', '0.00', '900.00', '900.00', '1000.00', null, '0', '1000.00', null);
INSERT INTO `unfinished_money` VALUES ('ZT20170121dccCih', '', '0.00', '0.00', '0.00', '900.00', '900.00', '1000.00', null, '0', '1000.00', null);
INSERT INTO `unfinished_money` VALUES ('ZT20170121FDs4Sn', '', '0.00', '0.00', '0.00', '900.00', '900.00', '1000.00', null, '0', '1000.00', null);
INSERT INTO `unfinished_money` VALUES ('ZT20170121HoA7Ri', '', '0.00', '0.00', '0.00', '900.00', '900.00', '1000.00', null, '0', '1000.00', null);
INSERT INTO `unfinished_money` VALUES ('ZT20170121I3KB5Y', '', '0.00', '0.00', '0.00', '900.00', '900.00', '1000.00', null, '0', '1000.00', null);
INSERT INTO `unfinished_money` VALUES ('ZT20170121jBP9P1', '', '0.00', '0.00', '0.00', '900.00', '900.00', '1000.00', null, '0', '1000.00', null);
INSERT INTO `unfinished_money` VALUES ('ZT20170121kcQipR', '', '0.00', '0.00', '0.00', '900.00', '900.00', '1000.00', null, '0', '1000.00', null);
INSERT INTO `unfinished_money` VALUES ('ZT20170121KLOoRS', '', '0.00', '0.00', '0.00', '900.00', '900.00', '1000.00', null, '0', '1000.00', null);
INSERT INTO `unfinished_money` VALUES ('ZT20170121LOrpht', '', '0.00', '0.00', '0.00', '900.00', '900.00', '1000.00', null, '0', '1000.00', null);
INSERT INTO `unfinished_money` VALUES ('ZT20170121Ms1l0F', '', '0.00', '0.00', '0.00', '900.00', '900.00', '1000.00', null, '0', '1000.00', null);
INSERT INTO `unfinished_money` VALUES ('ZT20170121NN9T4v', '', '0.00', '0.00', '0.00', '900.00', '900.00', '1000.00', null, '0', '1000.00', null);
INSERT INTO `unfinished_money` VALUES ('ZT20170121QxnF9K', '', '0.00', '0.00', '0.00', '900.00', '900.00', '1000.00', null, '0', '1000.00', null);
INSERT INTO `unfinished_money` VALUES ('ZT20170121RFmvQX', '', '0.00', '0.00', '0.00', '900.00', '900.00', '1000.00', null, '0', '1000.00', null);
INSERT INTO `unfinished_money` VALUES ('ZT20170121VXEslD', '', '0.00', '0.00', '0.00', '900.00', '900.00', '1000.00', null, '0', '1000.00', null);
INSERT INTO `unfinished_money` VALUES ('ZT20170121w6rMc2', '', '0.00', '0.00', '0.00', '900.00', '900.00', '1000.00', null, '0', '1000.00', null);
INSERT INTO `unfinished_money` VALUES ('ZT20170121X04Pe2', '', '0.00', '0.00', '0.00', '900.00', '900.00', '1000.00', null, '0', '1000.00', null);
INSERT INTO `unfinished_money` VALUES ('ZT20170121x3eNkj', '', '0.00', '0.00', '0.00', '900.00', '900.00', '1000.00', null, '0', '1000.00', null);
INSERT INTO `unfinished_money` VALUES ('ZT20170121xvnC86', '', '0.00', '0.00', '0.00', '900.00', '900.00', '1000.00', null, '0', '1000.00', null);
INSERT INTO `unfinished_money` VALUES ('ZT20170121YAqvaV', '', '0.00', '0.00', '0.00', '900.00', '900.00', '1000.00', null, '0', '1000.00', null);
INSERT INTO `unfinished_money` VALUES ('ZT20170121YcDlVA', '', '0.00', '0.00', '0.00', '900.00', '900.00', '1000.00', null, '0', '1000.00', null);
INSERT INTO `unfinished_money` VALUES ('ZT20170121Z0INFf', '', '0.00', '0.00', '0.00', '900.00', '900.00', '1000.00', null, '0', '1000.00', null);
INSERT INTO `unfinished_money` VALUES ('ZT201701222gunYk', 'DR20170120100001', '0.00', '0.00', '0.00', '900.00', '900.00', '1000.00', null, '0', '1000.00', null);
INSERT INTO `unfinished_money` VALUES ('ZT20170122B8SU5i', 'DR20170120100001', '0.00', '0.00', '0.00', '900.00', '900.00', '1000.00', null, '0', '1000.00', null);
INSERT INTO `unfinished_money` VALUES ('ZT20170122jAvCeU', 'DR20170120100001', '0.00', '0.00', '0.00', '900.00', '900.00', '1000.00', null, '0', '1000.00', null);
INSERT INTO `unfinished_money` VALUES ('ZT20170122sIFHs7', '', '11.00', '11.00', '11.00', '100.00', '100.00', '120.00', null, '0', '120.00', null);
INSERT INTO `unfinished_money` VALUES ('ZT20170122Uezyxx', '', '11.00', '11.00', '11.00', '100.00', '100.00', '120.00', null, '0', '120.00', null);
INSERT INTO `unfinished_money` VALUES ('ZT20170122x5CbzY', '', '0.00', '0.00', '0.00', '900.00', '900.00', '1000.00', null, '0', '1000.00', null);
INSERT INTO `unfinished_money` VALUES ('ZT20170123iguyMk', 'DR20170122100009', '0.00', '0.00', '0.00', '0.00', '0.00', '36.00', null, '0', '36.00', null);
INSERT INTO `unfinished_money` VALUES ('ZT20170123uACppQ', '', '0.00', '0.00', '0.00', '0.00', '0.00', '36.00', null, '0', '36.00', null);
INSERT INTO `unfinished_money` VALUES ('ZT20170123XASX11', '', '0.00', '0.00', '0.00', '0.00', '0.00', '36.00', null, '0', '36.00', null);
INSERT INTO `unfinished_money` VALUES ('ZT201701258r6ka6', 'DR20170125100012', '0.00', '0.00', '0.00', '0.00', '0.00', '0.00', null, '0', '0.00', null);
INSERT INTO `unfinished_money` VALUES ('ZT20170125UF40YO', 'DR20170125100012', '0.00', '0.00', '0.00', '0.00', '0.00', '0.00', null, '0', '0.00', null);
INSERT INTO `unfinished_money` VALUES ('ZT201702077hhjLE', '', '0.00', '0.00', '0.00', '196.00', '196.00', '234.00', null, '0', '234.00', null);
INSERT INTO `unfinished_money` VALUES ('ZT20170207cthj9O', '', '0.00', '0.00', '0.00', '800.00', '800.00', '1000.00', null, '0', '1000.00', null);
INSERT INTO `unfinished_money` VALUES ('ZT20170207Pepdv6', '', '0.00', '0.00', '0.00', '800.00', '800.00', '1000.00', null, '0', '1000.00', null);
INSERT INTO `unfinished_money` VALUES ('ZT20170208C5PbUZ', '', '0.00', '0.00', '0.00', '900.00', '900.00', '1000.00', null, '0', '1000.00', null);
INSERT INTO `unfinished_money` VALUES ('ZT20170208gEsJ8O', 'DR120170123100008', '0.00', '0.00', '0.00', '900.00', '900.00', '1000.00', null, '0', '1000.00', null);

-- ----------------------------
-- Table structure for unfinished_order
-- ----------------------------
DROP TABLE IF EXISTS `unfinished_order`;
CREATE TABLE `unfinished_order` (
  `id` bigint(20) NOT NULL AUTO_INCREMENT,
  `orderNum` char(18) NOT NULL COMMENT '订单编号',
  `orderStatus` tinyint(1) NOT NULL DEFAULT '0' COMMENT '订单状态（0:待分配；3：待取货；4：待送达；1：完成；2:改派;5:异常;6：已关闭）',
  `driverId` char(20) NOT NULL DEFAULT '' COMMENT '司机ID',
  `vehicleId` char(20) DEFAULT NULL COMMENT '车辆ID',
  `customerId` char(20) NOT NULL COMMENT '客户ID',
  `deliver` char(30) NOT NULL COMMENT '发货人姓名',
  `deliverTel` char(12) NOT NULL COMMENT '发货人电话',
  `sCompany` varchar(20) NOT NULL COMMENT '发货单位',
  `sProvance` char(10) NOT NULL COMMENT '发货省市',
  `deliverAddr` varchar(255) NOT NULL COMMENT '发货地址',
  `receipt` char(30) NOT NULL COMMENT '收货人姓名',
  `receiptTel` char(12) NOT NULL COMMENT '收货人电话',
  `rCompany` varchar(20) NOT NULL COMMENT '收货单位',
  `rProvance` char(10) NOT NULL COMMENT '目的地省市',
  `receiptAddr` varchar(255) NOT NULL COMMENT '目的地地址',
  `rounteId` bigint(20) DEFAULT NULL COMMENT '路线ID',
  `volume` decimal(7,1) NOT NULL DEFAULT '0.0' COMMENT '体积（立方米）',
  `weight` decimal(7,1) NOT NULL DEFAULT '0.0' COMMENT '重量（千克）',
  `length` decimal(11,1) NOT NULL DEFAULT '0.0' COMMENT '长（厘米）',
  `wide` decimal(11,1) NOT NULL DEFAULT '0.0' COMMENT '宽（厘米）',
  `tall` decimal(11,1) NOT NULL DEFAULT '0.0' COMMENT '高（厘米）',
  `goodsNum` int(11) NOT NULL DEFAULT '1' COMMENT '件数',
  `description` varchar(255) DEFAULT NULL COMMENT '货物描述',
  `payMethod` tinyint(1) NOT NULL DEFAULT '2' COMMENT '付费方式（1：现金支付；2：在线支付；3：协议付款）',
  `createTime` datetime NOT NULL COMMENT '订单创建时间',
  `takersTime` datetime NOT NULL COMMENT '司机接单时间',
  `callTime` datetime NOT NULL COMMENT '预约取货时间',
  `pickupTime` datetime NOT NULL COMMENT '司机实际取货时间',
  `updateTime` int(11) NOT NULL COMMENT '更新时间',
  `leadTime` datetime DEFAULT NULL COMMENT '交货时间',
  `exceptionReasonId` tinyint(2) NOT NULL DEFAULT '0' COMMENT '异常原因ID',
  `exceptionReason` varchar(255) DEFAULT NULL COMMENT '异常具体原因',
  `addRequir` varchar(255) DEFAULT NULL COMMENT '额外需求',
  `callImg` varchar(255) DEFAULT NULL COMMENT '取货照片',
  `leadImg` varchar(255) DEFAULT NULL COMMENT '交货照片',
  `exceptionImg` varchar(255) DEFAULT NULL COMMENT '异常照片',
  `reassignTime` datetime DEFAULT NULL COMMENT '改派时间',
  `payTimeType` tinyint(1) DEFAULT '1' COMMENT '付款时间类型(1发货时；2收货时)',
  `deliverLocation` char(30) DEFAULT '0,0' COMMENT '发货地址经纬度',
  `receiptLocation` char(30) DEFAULT '0,0' COMMENT '收货地址经纬度',
  `orderFrom` tinyint(1) NOT NULL DEFAULT '1' COMMENT '订单来源(1:APP，2:CMS)',
  `isCharter` tinyint(1) NOT NULL DEFAULT '0' COMMENT '是否包车(0:否,1:是)',
  PRIMARY KEY (`id`),
  KEY `exceptionReasonId` (`exceptionReasonId`) USING BTREE
) ENGINE=InnoDB AUTO_INCREMENT=180 DEFAULT CHARSET=utf8;

-- ----------------------------
-- Records of unfinished_order
-- ----------------------------
INSERT INTO `unfinished_order` VALUES ('6', 'ZT20170120e2MlOL', '7', '', null, 'CU1100003', '老王', '18400404040', '天津太平医药有限公司', '', '天津市河东区王串场1号路', '收货人姓名', '1988477321', '滨海新区', '', '天津成长动力医药股份有限公司', null, '10.0', '10.0', '0.0', '0.0', '0.0', '1', '货物描述184184', '2', '2017-01-20 14:20:33', '0000-00-00 00:00:00', '2016-12-09 17:10:00', '0000-00-00 00:00:00', '1484893233', null, '0', null, '额外需求', null, null, null, null, '1', '117.227745,39.144529', '117.257911,39.122352', '2', '0');
INSERT INTO `unfinished_order` VALUES ('7', 'ZT20170120RkpC91', '2', '', null, 'CU1100003', '老王', '18400404040', '天津太平医药有限公司', '', '天津市河东区王串场1号路', '收货人姓名', '1988477321', '滨海新区', '', '天津成长动力医药股份有限公司', null, '10.0', '10.0', '0.0', '0.0', '0.0', '1', '货物描述184184', '2', '2017-01-20 14:20:33', '0000-00-00 00:00:00', '2016-12-09 17:10:00', '0000-00-00 00:00:00', '1484893233', null, '0', null, '额外需求', null, null, null, null, '1', '117.227745,39.144529', '117.257911,39.122352', '2', '0');
INSERT INTO `unfinished_order` VALUES ('8', 'ZT20170120XoJqVV', '0', '', null, 'CU1100003', '老王', '18400404040', '天津太平医药有限公司', '', '天津市河东区王串场1号路', '收货人姓名', '1988477321', '滨海新区', '', '天津成长动力医药股份有限公司', null, '10.0', '10.0', '0.0', '0.0', '0.0', '1', '货物描述184184', '2', '2017-01-20 14:20:33', '0000-00-00 00:00:00', '2016-12-09 17:10:00', '0000-00-00 00:00:00', '1484893233', null, '0', null, '额外需求', null, null, null, null, '1', '117.227745,39.144529', '117.257911,39.122352', '2', '0');
INSERT INTO `unfinished_order` VALUES ('10', 'ZT20170120zVOJHg', '0', '', null, 'CU1100003', '老王', '18400404040', '天津太平医药有限公司', '', '天津市河东区王串场1号路', '收货人姓名', '1988477321', '滨海新区', '', '天津成长动力医药股份有限公司', null, '10.0', '10.0', '0.0', '0.0', '0.0', '1', '货物描述184184', '2', '2017-01-20 14:20:33', '0000-00-00 00:00:00', '2016-12-09 17:10:00', '0000-00-00 00:00:00', '1484893233', null, '0', null, '额外需求', null, null, null, null, '1', '117.227745,39.144529', '117.257911,39.122352', '2', '0');
INSERT INTO `unfinished_order` VALUES ('25', 'ZT20170121RFmvQX', '0', '', null, 'CU1100003', '老王', '18400404040', '天津太平医药有限公司', '', '天津太平医药有限公司', '收货人姓名', '1988477321', '第三中心医院', '', '第三中心医院', null, '10.0', '10.0', '0.0', '0.0', '0.0', '1', '货物描述184184', '2', '2017-01-21 10:47:07', '0000-00-00 00:00:00', '2016-12-09 17:10:00', '0000-00-00 00:00:00', '1484966827', null, '0', null, '额外需求', null, null, null, null, '1', '117.205233,39.122869', '117.249260,39.110205', '2', '0');
INSERT INTO `unfinished_order` VALUES ('26', 'ZT20170121Ms1l0F', '0', '', null, 'CU1100003', '老王', '18400404040', '天津太平医药有限公司', '', '天津太平医药有限公司', '收货人姓名', '1988477321', '第三中心医院', '', '第三中心医院', null, '10.0', '10.0', '0.0', '0.0', '0.0', '1', '货物描述184184', '2', '2017-01-21 10:47:07', '0000-00-00 00:00:00', '2016-12-09 17:10:00', '0000-00-00 00:00:00', '1484966827', null, '0', null, '额外需求', null, null, null, null, '1', '117.205233,39.122869', '117.249260,39.110205', '2', '0');
INSERT INTO `unfinished_order` VALUES ('27', 'ZT20170121x3eNkj', '0', '', null, 'CU1100003', '老王', '18400404040', '天津太平医药有限公司', '', '天津太平医药有限公司', '收货人姓名', '1988477321', '第三中心医院', '', '第三中心医院', null, '10.0', '10.0', '0.0', '0.0', '0.0', '1', '货物描述184184', '2', '2017-01-21 10:47:07', '0000-00-00 00:00:00', '2016-12-09 17:10:00', '0000-00-00 00:00:00', '1484966827', null, '0', null, '额外需求', null, null, null, null, '1', '117.205233,39.122869', '117.249260,39.110205', '2', '0');
INSERT INTO `unfinished_order` VALUES ('28', 'ZT20170121X04Pe2', '0', '', null, 'CU1100003', '老王', '18400404040', '天津太平医药有限公司', '', '天津太平医药有限公司', '收货人姓名', '1988477321', '第三中心医院', '', '第三中心医院', null, '10.0', '10.0', '0.0', '0.0', '0.0', '1', '货物描述184184', '2', '2017-01-21 10:47:07', '0000-00-00 00:00:00', '2016-12-09 17:10:00', '0000-00-00 00:00:00', '1484966827', null, '0', null, '额外需求', null, null, null, null, '1', '117.205233,39.122869', '117.249260,39.110205', '2', '0');
INSERT INTO `unfinished_order` VALUES ('29', 'ZT201701211yRmEr', '0', '', null, 'CU1100003', '老王', '18400404040', '天津太平医药有限公司', '', '天津市河东区王串场1号路', '收货人姓名', '1988477321', '天津市第三中心医院', '', '天津市河北区社区卫生服务中心', null, '10.0', '10.0', '0.0', '0.0', '0.0', '1', '货物描述184184', '2', '2017-01-21 10:54:44', '0000-00-00 00:00:00', '2016-12-09 17:10:00', '0000-00-00 00:00:00', '1484967284', null, '0', null, '额外需求', null, null, null, null, '1', '117.227745,39.144529', '117.196648,39.147869', '2', '0');
INSERT INTO `unfinished_order` VALUES ('30', 'ZT20170121YAqvaV', '0', '', null, 'CU1100003', '老王', '18400404040', '天津太平医药有限公司', '', '天津市河东区王串场1号路', '收货人姓名', '1988477321', '第三中心医院', '', '天津市河北区社区卫生服务中心', null, '10.0', '10.0', '0.0', '0.0', '0.0', '1', '货物描述184184', '2', '2017-01-21 10:54:44', '0000-00-00 00:00:00', '2016-12-09 17:10:00', '0000-00-00 00:00:00', '1484967284', null, '0', null, '额外需求', null, null, null, null, '1', '117.227745,39.144529', '117.196648,39.147869', '2', '0');
INSERT INTO `unfinished_order` VALUES ('31', 'ZT20170121Z0INFf', '0', '', null, 'CU1100003', '老王', '18400404040', '天津太平医药有限公司', '', '天津市河东区王串场1号路', '收货人姓名', '1988477321', '第三中心医院', '', '天津市河北区社区卫生服务中心', null, '10.0', '10.0', '0.0', '0.0', '0.0', '1', '货物描述184184', '2', '2017-01-21 10:54:44', '0000-00-00 00:00:00', '2016-12-09 17:10:00', '0000-00-00 00:00:00', '1484967284', null, '0', null, '额外需求', null, null, null, null, '1', '117.227745,39.144529', '117.196648,39.147869', '2', '0');
INSERT INTO `unfinished_order` VALUES ('32', 'ZT20170121HoA7Ri', '0', '', null, 'CU1100003', '老王', '18400404040', '天津太平医药有限公司', '', '天津市河东区王串场1号路', '收货人姓名', '1988477321', '第三中心医院', '', '天津市河北区社区卫生服务中心', null, '10.0', '10.0', '0.0', '0.0', '0.0', '1', '货物描述184184', '2', '2017-01-21 10:54:44', '0000-00-00 00:00:00', '2016-12-09 17:10:00', '0000-00-00 00:00:00', '1484967284', null, '0', null, '额外需求', null, null, null, null, '1', '117.227745,39.144529', '117.196648,39.147869', '2', '0');
INSERT INTO `unfinished_order` VALUES ('33', 'ZT20170121VXEslD', '0', '', null, 'CU1100003', '老王', '18400404040', '天津太平医药有限公司', '', '天津市河东区王串场1号路', '收货人姓名', '1988477321', '第三中心医院', '', '天津市河北区社区卫生服务中心', null, '10.0', '10.0', '0.0', '0.0', '0.0', '1', '货物描述184184', '2', '2017-01-21 10:54:44', '0000-00-00 00:00:00', '2016-12-09 17:10:00', '0000-00-00 00:00:00', '1484967284', null, '0', null, '额外需求', null, null, null, null, '1', '117.227745,39.144529', '117.196648,39.147869', '2', '0');
INSERT INTO `unfinished_order` VALUES ('36', 'ZT20170121xvnC86', '0', '', null, 'CU1100003', '老王', '18400404040', '天津太平医药有限公司', '', '天津市河东区王串场1号路', '收货人姓名', '1988477321', '第三中心医院', '', '天津市河北区鸿顺里街社区卫生服务中心', null, '10.0', '10.0', '0.0', '0.0', '0.0', '1', '货物描述184184', '2', '2017-01-21 10:55:42', '0000-00-00 00:00:00', '2016-12-09 17:10:00', '0000-00-00 00:00:00', '1484967342', null, '0', null, '额外需求', null, null, null, null, '1', '117.227745,39.144529', '117.196470,39.159762', '2', '0');
INSERT INTO `unfinished_order` VALUES ('37', 'ZT20170121kcQipR', '0', '', null, 'CU1100003', '老王', '18400404040', '天津太平医药有限公司', '', '天津市河东区王串场1号路', '收货人姓名', '1988477321', '第三中心医院', '', '天津市河北区鸿顺里街社区卫生服务中心', null, '10.0', '10.0', '0.0', '0.0', '0.0', '1', '货物描述184184', '2', '2017-01-21 10:55:42', '0000-00-00 00:00:00', '2016-12-09 17:10:00', '0000-00-00 00:00:00', '1484967342', null, '0', null, '额外需求', null, null, null, null, '1', '117.227745,39.144529', '117.196470,39.159762', '2', '0');
INSERT INTO `unfinished_order` VALUES ('38', 'ZT20170121aHPFkW', '0', '', null, 'CU1100003', '老王', '18400404040', '天津太平医药有限公司', '', '天津市河东区王串场1号路', '收货人姓名', '1988477321', '第三中心医院', '', '天津市河北区鸿顺里街社区卫生服务中心', null, '10.0', '10.0', '0.0', '0.0', '0.0', '1', '货物描述184184', '2', '2017-01-21 10:55:42', '0000-00-00 00:00:00', '2016-12-09 17:10:00', '0000-00-00 00:00:00', '1484967342', null, '0', null, '额外需求', null, null, null, null, '1', '117.227745,39.144529', '117.196470,39.159762', '2', '0');
INSERT INTO `unfinished_order` VALUES ('40', 'ZT20170121dccCih', '0', '', null, 'CU1100003', '老王', '18400404040', '天津太平医药有限公司', '', '天津市河东区王串场1号路', '收货人姓名', '1988477321', '第三中心医院', '', '中国人民解放军军事交通学院院务部门诊部', null, '10.0', '10.0', '0.0', '0.0', '0.0', '1', '货物描述184184', '2', '2017-01-21 11:03:35', '0000-00-00 00:00:00', '2016-12-09 17:10:00', '0000-00-00 00:00:00', '1484967815', null, '0', null, '额外需求', null, null, null, null, '1', '117.227745,39.144529', '117.262085,39.128681', '2', '0');
INSERT INTO `unfinished_order` VALUES ('41', 'ZT20170121FDs4Sn', '0', '', null, 'CU1100003', '老王', '18400404040', '天津太平医药有限公司', '', '天津市河东区王串场1号路', '收货人姓名', '1988477321', '第三中心医院', '', '中国人民解放军军事交通学院院务部门诊部', null, '10.0', '10.0', '0.0', '0.0', '0.0', '1', '货物描述184184', '2', '2017-01-21 11:03:35', '0000-00-00 00:00:00', '2016-12-09 17:10:00', '0000-00-00 00:00:00', '1484967815', null, '0', null, '额外需求', null, null, null, null, '1', '117.227745,39.144529', '117.262085,39.128681', '2', '0');
INSERT INTO `unfinished_order` VALUES ('42', 'ZT20170121KLOoRS', '0', '', null, 'CU1100003', '老王', '18400404040', '天津太平医药有限公司', '', '天津市河东区王串场1号路', '收货人姓名', '1988477321', '第三中心医院', '', '中国人民解放军军事交通学院院务部门诊部', null, '10.0', '10.0', '0.0', '0.0', '0.0', '1', '货物描述184184', '2', '2017-01-21 11:03:35', '0000-00-00 00:00:00', '2016-12-09 17:10:00', '0000-00-00 00:00:00', '1484967815', null, '0', null, '额外需求', null, null, null, null, '1', '117.227745,39.144529', '117.262085,39.128681', '2', '0');
INSERT INTO `unfinished_order` VALUES ('43', 'ZT20170121YcDlVA', '0', '', null, 'CU1100003', '老王', '18400404040', '天津太平医药有限公司', '', '天津市河东区王串场1号路', '收货人姓名', '1988477321', '第三中心医院', '', '中国人民解放军军事交通学院院务部门诊部', null, '10.0', '10.0', '0.0', '0.0', '0.0', '1', '货物描述184184', '2', '2017-01-21 11:03:35', '0000-00-00 00:00:00', '2016-12-09 17:10:00', '0000-00-00 00:00:00', '1484967815', null, '0', null, '额外需求', null, null, null, null, '1', '117.227745,39.144529', '117.262085,39.128681', '2', '0');
INSERT INTO `unfinished_order` VALUES ('47', 'ZT20170121w6rMc2', '0', '', null, 'CU1100003', '老王', '18400404040', '天津太平医药有限公司', '', '天津市河东区王串场1号路', '收货人姓名', '1988477321', '天津市第三中心医院', '', '中国人民解放军军事交通学院院务部门诊部', null, '10.0', '10.0', '0.0', '0.0', '0.0', '1', '货物描述184184', '2', '2017-01-21 14:00:29', '0000-00-00 00:00:00', '2016-12-09 17:10:00', '0000-00-00 00:00:00', '1484978429', null, '0', null, '额外需求', null, null, null, null, '1', '117.227745,39.144529', '117.262085,39.128681', '2', '0');
INSERT INTO `unfinished_order` VALUES ('48', 'ZT20170121NN9T4v', '0', '', null, 'CU1100003', '老王', '18400404040', '天津太平医药有限公司', '', '天津市河东区王串场1号路', '收货人姓名', '1988477321', '第三中心医院', '', '中国人民解放军军事交通学院院务部门诊部', null, '10.0', '10.0', '0.0', '0.0', '0.0', '1', '货物描述184184', '2', '2017-01-21 14:00:29', '0000-00-00 00:00:00', '2016-12-09 17:10:00', '0000-00-00 00:00:00', '1484978429', null, '0', null, '额外需求', null, null, null, null, '1', '117.227745,39.144529', '117.262085,39.128681', '2', '0');
INSERT INTO `unfinished_order` VALUES ('49', 'ZT20170121d1HVbS', '0', '', null, 'CU1100003', '老王', '18400404040', '天津太平医药有限公司', '', '天津市河东区王串场1号路', '收货人姓名', '1988477321', '第三中心医院', '', '中国人民解放军军事交通学院院务部门诊部', null, '10.0', '10.0', '0.0', '0.0', '0.0', '1', '货物描述184184', '2', '2017-01-21 14:00:29', '0000-00-00 00:00:00', '2016-12-09 17:10:00', '0000-00-00 00:00:00', '1484978429', null, '0', null, '额外需求', null, null, null, null, '1', '117.227745,39.144529', '117.262085,39.128681', '2', '0');
INSERT INTO `unfinished_order` VALUES ('50', 'ZT201701219wL00h', '0', '', null, 'CU1100003', '老王', '18400404040', '天津太平医药有限公司', '', '天津市河东区王串场1号路', '收货人姓名', '1988477321', '第三中心医院', '', '中国人民解放军军事交通学院院务部门诊部', null, '10.0', '10.0', '0.0', '0.0', '0.0', '1', '货物描述184184', '2', '2017-01-21 14:00:29', '0000-00-00 00:00:00', '2016-12-09 17:10:00', '0000-00-00 00:00:00', '1484978429', null, '0', null, '额外需求', null, null, null, null, '1', '117.227745,39.144529', '117.262085,39.128681', '2', '0');
INSERT INTO `unfinished_order` VALUES ('51', 'ZT20170121CRI9KV', '0', '', null, 'CU1100003', '老王', '18400404040', '天津太平医药有限公司', '', '天津市河东区王串场1号路', '收货人姓名', '1988477321', '第三中心医院', '', '中国人民解放军军事交通学院院务部门诊部', null, '10.0', '10.0', '0.0', '0.0', '0.0', '1', '货物描述184184', '2', '2017-01-21 14:00:29', '0000-00-00 00:00:00', '2016-12-09 17:10:00', '0000-00-00 00:00:00', '1484978429', null, '0', null, '额外需求', null, null, null, null, '1', '117.227745,39.144529', '117.262085,39.128681', '2', '0');
INSERT INTO `unfinished_order` VALUES ('56', 'ZT20170121QxnF9K', '0', '', null, 'CU1100003', '老王', '18400404040', '天津太平医药有限公司', '', '天津市河东区王串场1号路', '收货人姓名', '1988477321', '第三中心医院', '', '中国人民解放军军事交通学院院务部门诊部', null, '10.0', '10.0', '0.0', '0.0', '0.0', '1', '整件:1散件:4', '2', '2017-01-21 19:36:10', '0000-00-00 00:00:00', '2016-12-09 17:10:00', '0000-00-00 00:00:00', '1484998571', null, '0', null, '整件:1散件:4', null, null, null, null, '1', '117.227745,39.144529', '117.262085,39.128681', '2', '0');
INSERT INTO `unfinished_order` VALUES ('57', 'ZT20170121I3KB5Y', '0', '', null, 'CU1100003', '老王', '18400404040', '天津太平医药有限公司', '', '天津市河东区王串场1号路', '收货人姓名', '1988477321', '第三中心医院', '', '中国人民解放军军事交通学院院务部门诊部', null, '10.0', '10.0', '0.0', '0.0', '0.0', '1', '整件:1散件:5', '2', '2017-01-21 19:36:10', '0000-00-00 00:00:00', '2016-12-09 17:10:00', '0000-00-00 00:00:00', '1484998571', null, '0', null, '整件:1散件:5', null, null, null, null, '1', '117.227745,39.144529', '117.262085,39.128681', '2', '0');
INSERT INTO `unfinished_order` VALUES ('58', 'ZT20170121LOrpht', '0', '', null, 'CU1100003', '老王', '18400404040', '天津太平医药有限公司', '', '天津市河东区王串场1号路', '收货人姓名', '1988477321', '第三中心医院', '', '中国人民解放军军事交通学院院务部门诊部', null, '10.0', '10.0', '0.0', '0.0', '0.0', '1', '整件:1散件:6', '2', '2017-01-21 19:36:10', '0000-00-00 00:00:00', '2016-12-09 17:10:00', '0000-00-00 00:00:00', '1484998571', null, '0', null, '整件:1散件:6', null, null, null, null, '1', '117.227745,39.144529', '117.262085,39.128681', '2', '0');
INSERT INTO `unfinished_order` VALUES ('59', 'ZT20170121jBP9P1', '0', '', null, 'CU1100003', '老王', '18400404040', '天津太平医药有限公司', '', '天津市河东区王串场1号路', '收货人姓名', '1988477321', '第三中心医院', '', '中国人民解放军军事交通学院院务部门诊部', null, '10.0', '10.0', '0.0', '0.0', '0.0', '1', '整件:1散件:7', '2', '2017-01-21 19:36:10', '0000-00-00 00:00:00', '2016-12-09 17:10:00', '0000-00-00 00:00:00', '1484998571', null, '0', null, '整件:1散件:7', null, null, null, null, '1', '117.227745,39.144529', '117.262085,39.128681', '2', '0');
INSERT INTO `unfinished_order` VALUES ('98', 'ZT20170122sIFHs7', '0', '', null, 'CU1100004', '正通物流', '12434534456', '天津市南开区罗平道12号', '天津市', '天津市南开区罗平道|12号', '滴滴滴', '13445768654', '天津市和平区西安到93号', '天津市', '天津市和平区西安道|93号', null, '11.0', '11.0', '0.0', '0.0', '0.0', '1', '', '1', '2017-01-22 15:00:08', '0000-00-00 00:00:00', '2017-01-23 14:48:22', '0000-00-00 00:00:00', '1485068408', null, '0', null, null, null, null, null, null, '1', '117.133686,39.119556', '117.220483,39.082456', '2', '0');
INSERT INTO `unfinished_order` VALUES ('100', 'ZT20170122Uezyxx', '0', '', null, 'CU1100004', '正通物流', '12434534456', '天津市南开区罗平道12号', '天津市', '天津市南开区罗平道|12号', '滴滴滴', '13445768654', '天津市和平区西安到93号', '天津市', '天津市和平区西安道|93号', null, '12.0', '12.0', '0.0', '0.0', '0.0', '1', '', '1', '2017-01-22 15:00:58', '0000-00-00 00:00:00', '0000-00-00 00:00:00', '0000-00-00 00:00:00', '1485068458', null, '0', null, null, null, null, null, null, '1', '117.133686,39.119556', '117.220483,39.082456', '2', '0');
INSERT INTO `unfinished_order` VALUES ('109', 'ZT20170122jAvCeU', '3', 'DR20170120100001', null, 'CU1100003', '老王', '18400404040', '天津太平医药有限公司', '', '天津市河东区王串场1号路', '收货人姓名', '1988477321', '天津市第三中心医院', '', '天津市和平区西安道93号', null, '10.0', '10.0', '0.0', '0.0', '0.0', '1', '货物描述184184', '2', '2017-01-22 15:22:49', '2017-01-22 15:23:00', '2016-12-09 17:10:00', '0000-00-00 00:00:00', '1485069780', null, '0', null, '额外需求', null, null, null, null, '1', '117.227745,39.144529', '117.220483,39.082456', '2', '0');
INSERT INTO `unfinished_order` VALUES ('110', 'ZT20170122B8SU5i', '3', 'DR20170120100001', null, 'CU1100003', '老王', '18400404040', '天津太平医药有限公司', '', '天津市河东区王串场1号路', '收货人姓名', '1988477321', '第三中心医院', '', '天津市和平区西安道93号', null, '10.0', '10.0', '0.0', '0.0', '0.0', '1', '货物描述184184', '2', '2017-01-22 15:22:49', '2017-01-22 15:26:08', '2016-12-09 17:10:00', '0000-00-00 00:00:00', '1485069968', null, '0', null, '额外需求', null, null, null, null, '1', '117.227745,39.144529', '117.220483,39.082456', '2', '0');
INSERT INTO `unfinished_order` VALUES ('111', 'ZT201701222gunYk', '3', 'DR20170120100001', null, 'CU1100003', '老王', '18400404040', '天津太平医药有限公司', '', '天津市河东区王串场1号路', '收货人姓名', '1988477321', '第三中心医院', '', '天津市和平区沙市道20号', null, '10.0', '10.0', '0.0', '0.0', '0.0', '1', '货物描述184184', '2', '2017-01-22 15:22:49', '2017-01-22 15:26:20', '2016-12-09 17:10:00', '0000-00-00 00:00:00', '1485069980', null, '0', null, '额外需求', null, null, null, null, '1', '117.227745,39.144529', '117.195797,39.111962', '2', '0');
INSERT INTO `unfinished_order` VALUES ('113', 'ZT20170122x5CbzY', '0', '', null, 'CU1100003', '老王', '18400404040', '天津太平医药有限公司', '', '天津市河东区王串场1号路', '收货人姓名', '1988477321', '第三中心医院', '', '天津市和平区沙市道20号', null, '10.0', '10.0', '0.0', '0.0', '0.0', '1', '货物描述184184', '2', '2017-01-22 15:22:49', '0000-00-00 00:00:00', '2016-12-09 17:10:00', '0000-00-00 00:00:00', '1485069770', null, '0', null, '额外需求', null, null, null, null, '1', '117.227745,39.144529', '117.195797,39.111962', '2', '0');
INSERT INTO `unfinished_order` VALUES ('142', 'ZT20170123uACppQ', '0', '', null, 'CU1100008', '任家瑞', '13820854120', '天津太平医药有限公司', '', '南开区罗平道12号', '小刘', '13602033193', '彩虹花园', '', '南开区解放南路彩虹花园72号', null, '1.0', '1.0', '0.0', '0.0', '0.0', '12', '药品', '2', '2017-01-23 14:00:22', '0000-00-00 00:00:00', '2017-01-22 00:00:00', '0000-00-00 00:00:00', '1485151222', null, '0', null, '无', null, null, null, null, '1', '117.133686,39.119556', '117.164713,39.074433', '2', '0');
INSERT INTO `unfinished_order` VALUES ('143', 'ZT20170123XASX11', '0', '', null, 'CU1100008', '任家瑞', '13820854120', '天津太平医药有限公司', '', '南开区罗平道12号', '小刘', '13602033193', '彩虹花园', '', '南开区解放南路彩虹花园72号', null, '1.0', '1.0', '0.0', '0.0', '0.0', '12', '药品', '2', '2017-01-23 14:11:22', '0000-00-00 00:00:00', '2017-01-22 00:00:00', '0000-00-00 00:00:00', '1485151882', null, '0', null, '无', null, null, null, null, '1', '117.133686,39.119556', '117.164713,39.074433', '2', '0');
INSERT INTO `unfinished_order` VALUES ('144', 'ZT20170123iguyMk', '3', 'DR20170122100009', null, 'CU1100008', '任家瑞', '13820854120', '天津太平医药有限公司', '', '南开区罗平道12号', '小刘', '13602033193', '彩虹花园', '', '南开区解放南路彩虹花园72号', null, '1.0', '1.0', '0.0', '0.0', '0.0', '12', '药品', '2', '2017-01-23 14:12:14', '2017-01-25 11:57:54', '2017-01-22 00:00:00', '0000-00-00 00:00:00', '1485316674', null, '0', null, '无', null, null, null, null, '1', '117.133686,39.119556', '117.164713,39.074433', '2', '0');
INSERT INTO `unfinished_order` VALUES ('167', 'ZT201701258r6ka6', '4', 'DR20170125100012', 'VE120170120100004', 'CU1100002', '测试1', '13245678654', '测试公司1', '天津市', '天津市河西区世纪酒店', '测试2', '18765432456', '测试公司2', '天津市', '天津市西青区中北镇', null, '1.0', '1.0', '0.0', '0.0', '0.0', '1', '', '1', '2017-01-25 12:10:30', '2017-01-25 12:10:32', '2017-01-25 11:55:55', '2017-01-25 13:44:30', '1485323070', null, '0', null, null, null, null, null, null, '1', '117.203071,39.074547', '117.091798,39.126226', '2', '0');
INSERT INTO `unfinished_order` VALUES ('168', 'ZT20170125UF40YO', '3', 'DR20170125100012', null, 'CU1100002', '测试1', '13245678654', '测试公司1', '天津市', '天津市西青区中北镇', '测试2', '18765432456', '测试公司2', '天津市', '天津市西青区景福花园', null, '1.0', '1.0', '0.0', '0.0', '0.0', '1', '', '1', '2017-01-25 12:11:28', '2017-01-25 12:11:30', '2017-01-25 11:55:55', '0000-00-00 00:00:00', '1485317490', null, '0', null, null, null, null, null, null, '1', '117.091798,39.126226', '117.114543,39.055000', '2', '0');
INSERT INTO `unfinished_order` VALUES ('173', 'ZT20170207Pepdv6', '0', '', null, 'CU1100013', '老王', '18400404040', '天津太平医药有限公司', '', '海泰发展6道', '收货人姓名', '1988477321', '天津成长动力医药股份有限公司', '', '收货地址1', null, '10.0', '10.0', '0.0', '0.0', '0.0', '1', '货物描述', '2', '2017-02-07 13:56:59', '0000-00-00 00:00:00', '2016-12-09 17:10:00', '0000-00-00 00:00:00', '1486447019', null, '0', null, '额外需求', null, null, null, null, '1', '117.096359,39.077435', '117.114543,39.055000', '2', '0');
INSERT INTO `unfinished_order` VALUES ('174', 'ZT20170207cthj9O', '0', '', null, 'CU1100013', '老王', '18400404040', '天津太平医药有限公司', '', '海泰发展6道', '收货人姓名', '1988477321', '天津成长动力医药股份有限公司', '', '收货地址1', null, '10.0', '10.0', '0.0', '0.0', '0.0', '1', '货物描述', '2', '2017-02-07 13:56:59', '0000-00-00 00:00:00', '2016-12-09 17:10:00', '0000-00-00 00:00:00', '1486447019', null, '0', null, '额外需求', null, null, null, null, '1', '117.096359,39.077435', '117.114543,39.055000', '2', '0');
INSERT INTO `unfinished_order` VALUES ('175', 'ZT201702077hhjLE', '0', '', null, 'CU1100002', '测试1', '13245678654', '测试公司1', '天津市', '天津市西青区中北镇', '测试2', '18765432456', '测试公司2', '天津市', '天津市西青区景福花园', null, '0.0', '0.0', '0.0', '0.0', '0.0', '1', '234', '1', '2017-02-07 15:37:19', '0000-00-00 00:00:00', '2017-02-07 17:37:19', '0000-00-00 00:00:00', '1486453039', null, '0', null, null, null, null, null, null, '1', '117.091798,39.126226', '117.114543,39.055000', '2', '0');
INSERT INTO `unfinished_order` VALUES ('178', 'ZT20170208C5PbUZ', '0', '', null, 'CU1100003', '老王', '18400404040', '天津太平医药有限公司', '', '天津市河东区王串场1号路', '收货人姓名', '1988477321', '天津市第三中心医院', '', '天津市和平区西安道93号', null, '10.0', '10.0', '0.0', '0.0', '0.0', '1', '货物描述184184', '2', '2017-02-08 09:38:54', '0000-00-00 00:00:00', '2016-12-09 17:10:00', '0000-00-00 00:00:00', '1486517935', null, '0', null, '额外需求', null, null, null, null, '1', '117.227745,39.144529', '117.220483,39.082456', '2', '0');
INSERT INTO `unfinished_order` VALUES ('179', 'ZT20170208gEsJ8O', '3', 'DR120170123100008', null, 'CU1100003', '老王', '18400404040', '天津太平医药有限公司', '', '天津市河东区王串场1号路', '收货人姓名', '1988477321', '天津市第三中心医院', '', '天津市和平区西安道93号', null, '10.0', '10.0', '0.0', '0.0', '0.0', '1', '货物描述184184', '2', '2017-02-08 09:40:20', '2017-02-10 11:45:32', '2016-12-09 17:10:00', '0000-00-00 00:00:00', '1486698332', null, '0', null, '额外需求', null, null, null, null, '1', '117.227745,39.144529', '117.220483,39.082456', '2', '0');

-- ----------------------------
-- Table structure for wallet_calendar
-- ----------------------------
DROP TABLE IF EXISTS `wallet_calendar`;
CREATE TABLE `wallet_calendar` (
  `id` bigint(20) unsigned NOT NULL AUTO_INCREMENT,
  `expenseId` bigint(20) NOT NULL COMMENT '消费流水ID',
  `RDType` tinyint(1) NOT NULL DEFAULT '0' COMMENT '收支(0:支出;1:收入)',
  `customerId` char(20) NOT NULL COMMENT '客户ID',
  `money` decimal(7,2) NOT NULL COMMENT '金额',
  `payTime` int(11) NOT NULL COMMENT '支付时间',
  `payment` tinyint(1) NOT NULL DEFAULT '1' COMMENT '支付方式（1:支付宝;2:微信;3:银联）',
  PRIMARY KEY (`id`)
) ENGINE=InnoDB DEFAULT CHARSET=utf8;

-- ----------------------------
-- Records of wallet_calendar
-- ----------------------------
